team,rating,matches,recent_matches,recent_points_per_match,recent_goals_for,recent_goals_against,recent_result_weight,weighted_recent_points_per_match,weighted_recent_goals_for,weighted_recent_goals_against,weighted_recent_goal_diff,report_matches,xg_for_2026,xg_against_2026,attempts_for_2026,attempts_against_2026,on_target_for_2026,on_target_against_2026,possession_pct_2026,statsbomb_matches,statsbomb_xg_for,statsbomb_xg_against,statsbomb_shots_for,statsbomb_shots_against,statsbomb_on_target_for,xg_for_2026_shrunk,xg_against_2026_shrunk,statsbomb_xg_for_shrunk,statsbomb_xg_against_shrunk
Spain,2196.6921585650034,795,12,2.8333333333333335,2.1666666666666665,0.5,24.510973830427993,2.540055990383065,2.4117401763016506,0.6995108491488881,1.7122293271527624,3.0,2.1933333333333334,0.15333333333333335,18.333333333333332,4.666666666666667,5.333333333333333,1.3333333333333333,62.0,6.0,1.4996004508666667,0.6609747101666666,18.666666666666668,9.833333333333334,6.333333333333333,1.6714285714285715,0.7971428571428572,1.3741144789428572,1.0147034472142857
Argentina,2124.073926094182,1079,12,2.75,3.0833333333333335,0.6666666666666666,23.923409763027973,2.631847213733935,2.678468541116237,0.4938237020550067,2.18464483906123,3.0,2.1833333333333336,0.6666666666666666,11.666666666666666,6.0,5.0,1.0,53.46666666666667,6.0,2.6735153450333335,1.2478763603,14.666666666666666,10.166666666666666,6.166666666666667,1.6671428571428573,1.0171428571428571,1.877220862157143,1.2662327258428572
England,2077.5456478389415,1102,12,2.3333333333333335,2.8333333333333335,1.25,24.564181394299066,2.263773082057682,2.4279723398198105,0.8214811140272169,1.6064912257925936,3.0,2.24,0.6266666666666666,19.333333333333332,8.333333333333334,6.666666666666667,2.3333333333333335,59.70000000000001,7.0,1.4988530852857143,1.319255839571429,11.571428571428571,11.142857142857142,4.0,1.6914285714285715,1.0,1.3821314398,1.2983193918000002
France,2072.0942135316136,947,12,2.3333333333333335,2.25,1.0,24.394926405300474,2.2242340392098785,2.2122303945233606,0.9868644149994759,1.2253659795238847,3.0,1.6566666666666665,0.8466666666666667,16.0,6.666666666666667,7.333333333333333,2.3333333333333335,49.86666666666667,6.0,2.018680707016667,1.332187203,16.833333333333332,9.0,4.833333333333333,1.4414285714285713,1.0942857142857143,1.5965774458642858,1.3023659441428572
Portugal,2024.7891173363848,704,12,2.4166666666666665,1.9166666666666667,0.75,21.760083952171353,2.2266324695563977,2.1989879148416134,0.8567662290852908,1.3422216857563227,3.0,1.1899999999999997,0.9433333333333334,12.333333333333334,13.0,4.0,3.6666666666666665,55.46666666666667,5.0,2.94186886354,2.0980376975999997,19.0,12.2,6.4,1.2414285714285713,1.1357142857142857,1.9191803321307692,1.5946298836923076
Brazil,1999.7129458273998,1067,12,2.1666666666666665,2.5833333333333335,1.0833333333333333,20.149639369835807,1.9735283288007586,2.178009329120831,0.9798572317850394,1.1981520973357913,3.0,2.063333333333333,0.7600000000000001,13.333333333333334,11.666666666666666,6.0,3.6666666666666665,48.93333333333334,4.0,2.3711435895,1.69468645685,13.75,11.75,4.5,1.6157142857142857,1.0571428571428572,1.6437145298333333,1.41822881895
Colombia,1968.9016786781283,646,12,1.75,1.25,0.75,20.633778715738096,1.879028534000683,1.6170737978544687,0.7579840270243106,0.8590897708301585,3.0,1.5166666666666666,0.8333333333333334,19.666666666666668,9.333333333333334,6.666666666666667,1.6666666666666667,55.699999999999996,6.0,1.5586429078500001,0.6243214844666667,13.166666666666666,9.833333333333334,4.5,1.3814285714285715,1.0885714285714285,1.3994183890785714,0.9989949219142857
Netherlands,1957.6198081366742,887,12,1.9166666666666667,1.9166666666666667,1.1666666666666667,20.811498044154714,1.9827252257986283,2.2823343581123026,1.0526768457097153,1.229657512402587,3.0,1.5566666666666666,0.8000000000000002,13.333333333333334,11.666666666666666,6.666666666666667,4.666666666666667,55.9,6.0,1.2197474766666667,0.9786938919666667,13.833333333333334,10.833333333333334,3.8333333333333335,1.3985714285714286,1.0742857142857143,1.25417749,1.150868810842857
Switzerland,1954.3873658363016,895,12,2.25,2.0,0.75,23.160473429117037,1.9857329072788068,2.0414638120009827,0.9341628188402743,1.107300993160708,3.0,2.223333333333333,0.81,15.0,8.0,6.0,4.333333333333333,55.1,5.0,1.6967543284000002,1.7193211074,12.4,13.0,5.2,1.6842857142857142,1.0785714285714287,1.4402901263076924,1.4489696566923078
Morocco,1951.399670724665,625,12,2.0833333333333335,2.0833333333333335,0.6666666666666666,29.41136064944084,2.3900820429176504,2.0348472724397033,0.46292832150596774,1.5719189509337357,3.0,1.4166666666666667,0.7933333333333333,16.0,9.0,5.333333333333333,2.3333333333333335,53.36666666666667,0.0,0.0,0.0,0.0,0.0,0.0,1.3385714285714285,1.0714285714285714,1.28,1.28
Belgium,1940.0389340425813,863,12,1.9166666666666667,2.25,1.0,22.066096785121996,1.864402149636796,2.339800011866735,1.0053401742261185,1.3344598376406165,3.0,2.18,0.5033333333333333,24.333333333333332,9.0,7.0,2.6666666666666665,51.6,4.0,1.09831761475,0.982081361175,13.25,14.25,5.0,1.6657142857142857,0.9471428571428572,1.2194392049166667,1.1806937870583334
Japan,1923.1093196718455,797,12,2.25,1.6666666666666667,0.5833333333333334,18.742097185847637,2.1177329274247074,2.098275013041926,0.7132652578292009,1.385009755212725,3.0,0.9733333333333333,0.4033333333333333,9.0,7.666666666666667,3.0,3.6666666666666665,45.73333333333333,0.0,0.0,0.0,0.0,0.0,0.0,1.1485714285714286,0.9042857142857144,1.28,1.28
Germany,1904.399113817186,1039,12,2.0,2.1666666666666665,1.0,20.634907177956375,1.9273610560909085,2.1434290495234043,0.986507769873355,1.1569212796500492,3.0,2.46,0.9866666666666667,17.666666666666668,8.0,7.333333333333333,2.3333333333333335,52.833333333333336,4.0,1.72026673335,1.028917121,18.75,11.0,6.0,1.7857142857142856,1.1542857142857144,1.4267555777833334,1.196305707
Italy,1900.7004165724131,897,12,2.1666666666666665,1.8333333333333333,0.9166666666666666,17.041938404421906,1.9947005159061033,1.9160322261837823,1.116405350788669,0.7996268753951131,0.0,0.0,0.0,0.0,0.0,0.0,0.0,0.0,3.0,0.6181505433333333,1.2664907444,9.333333333333334,14.0,1.6666666666666667,1.28,1.28,1.0994956027272726,1.2763156575636363
Mexico,1892.8006736301386,1011,12,1.9166666666666667,1.75,0.9166666666666666,28.55519469738978,1.8189865665281018,1.4890380547033517,0.8906225411603707,0.5984155135429812,3.0,1.406666666666667,0.47,11.666666666666666,8.333333333333334,4.333333333333333,1.6666666666666667,48.13333333333333,3.0,1.4860098433333337,0.6502164416666666,19.333333333333332,10.666666666666666,6.0,1.3342857142857145,0.9328571428571428,1.336184502727273,1.1082408477272727
Norway,1866.9032170017565,882,12,1.5833333333333333,1.9166666666666667,1.75,20.926559503807795,1.7836033366904152,2.2829904409924864,1.337201647111161,0.9457887938813254,3.0,1.7866666666666668,1.4333333333333333,11.333333333333334,15.0,5.666666666666667,4.666666666666667,46.1,0.0,0.0,0.0,0.0,0.0,0.0,1.4971428571428573,1.3457142857142856,1.28,1.28
Uruguay,1865.829625138513,979,12,1.5,1.5,1.0833333333333333,16.55700007229072,1.5775453152557597,1.5897847518560615,0.8971565074995361,0.6926282443565255,3.0,1.3166666666666667,0.9066666666666667,16.333333333333332,8.333333333333334,4.333333333333333,2.6666666666666665,50.53333333333333,6.0,2.484375147616667,2.04163206925,15.666666666666666,10.5,6.333333333333333,1.2957142857142858,1.12,1.79616077755,1.6064137439642856
Ecuador,1853.6205730309005,598,12,1.4166666666666667,1.0,0.9166666666666666,19.588226365550383,1.4542219248250583,0.9217604334637867,0.7588019503297555,0.16295848313403116,3.0,1.8033333333333335,1.0833333333333333,15.333333333333334,12.0,6.333333333333333,3.3333333333333335,51.63333333333333,4.0,1.9824483393750003,2.0583650125,13.5,13.5,4.0,1.5042857142857144,1.1957142857142857,1.5141494464583334,1.5394550041666666
USA,1846.0951252787938,797,12,2.0,2.4166666666666665,1.5,26.13296664236969,1.7916455147190264,2.037712006242969,1.372221454798758,0.6654905514442112,3.0,1.7466666666666668,0.8733333333333334,14.666666666666666,7.333333333333333,5.0,1.6666666666666667,54.5,3.0,1.2633197660000002,0.7173315045333334,11.333333333333334,10.333333333333334,4.333333333333333,1.48,1.1057142857142859,1.2754508452727273,1.1265449557818181
Denmark,1842.6924634922636,878,12,1.75,2.3333333333333335,1.4166666666666667,17.038608960758893,1.7720304841073302,1.9177805552793417,1.1592370910591507,0.7585434642201911,0.0,0.0,0.0,0.0,0.0,0.0,0.0,0.0,4.0,0.9673991494999999,1.172539941675,13.0,10.75,4.0,1.28,1.28,1.1757997165,1.2441799805583333
Croatia,1837.3189771598938,404,12,1.25,1.25,2.3333333333333335,20.43904841902099,1.6345937193085514,1.6583625319361768,1.6494652746282534,0.008897257307923212,3.0,0.7066666666666667,1.5899999999999999,8.0,12.0,3.6666666666666665,4.333333333333333,48.93333333333334,2.0,1.6709174934999997,1.1556271790000001,13.5,13.5,6.0,1.0342857142857143,1.4128571428571428,1.3581834986999999,1.2551254358000001
Austria,1825.9958468800035,868,12,1.8333333333333333,1.9166666666666667,1.3333333333333333,19.391577420791315,1.9201568795990704,2.0874088714069567,1.1086060707626344,0.9788028006443226,3.0,1.2066666666666668,1.5066666666666668,8.666666666666666,11.666666666666666,2.6666666666666665,4.666666666666667,43.56666666666666,4.0,1.52873562875,1.433835201125,12.5,11.5,5.5,1.2485714285714287,1.3771428571428572,1.36291187625,1.331278400375
Australia,1825.904720386484,587,12,1.0833333333333333,1.0833333333333333,1.25,17.96481270406007,1.5894297198675071,1.469599227364589,0.9810117947434636,0.48858743262112536,3.0,0.6666666666666666,1.1766666666666665,8.666666666666666,15.666666666666666,3.6666666666666665,3.6666666666666665,34.5,0.0,0.0,0.0,0.0,0.0,0.0,1.0171428571428571,1.2357142857142858,1.28,1.28
Paraguay,1825.0143594493643,791,12,1.6666666666666667,1.25,0.9166666666666666,17.686783800141363,1.5305719755779434,1.0726528032763645,0.938399176678921,0.13425362659744333,3.0,0.4166666666666667,1.57,7.666666666666667,20.0,1.6666666666666667,5.333333333333333,30.03333333333333,3.0,0.9864450799666667,1.5472217466666665,14.333333333333334,10.0,5.0,0.9100000000000001,1.4042857142857144,1.1999395672636364,1.3528786581818182
Algeria,1824.4812604486217,621,12,1.75,2.0,1.25,24.99999736845664,2.172689579150409,2.142177170903702,0.8989382511358806,1.243238919767821,3.0,1.3333333333333333,1.0066666666666666,12.0,9.333333333333334,4.666666666666667,4.333333333333333,57.9,0.0,0.0,0.0,0.0,0.0,0.0,1.302857142857143,1.1628571428571428,1.28,1.28
IR Iran,1817.7810719410984,622,12,1.4166666666666667,1.4166666666666667,0.9166666666666666,16.854838315725413,1.7070463783181828,1.7292291844605692,0.9738625730688723,0.7553666113916968,3.0,1.5233333333333334,1.29,12.333333333333334,17.333333333333332,3.3333333333333335,6.0,36.63333333333333,0.0,0.0,0.0,0.0,0.0,0.0,1.3842857142857143,1.2842857142857143,1.28,1.28
Senegal,1817.451137176602,645,12,1.4166666666666667,1.6666666666666667,1.4166666666666667,23.60349987801979,2.0080448103095576,1.9635116589306965,0.8515758671046728,1.1119357918260233,3.0,1.7133333333333336,1.11,16.333333333333332,10.0,5.666666666666667,5.333333333333333,51.5,0.0,0.0,0.0,0.0,0.0,0.0,1.4657142857142857,1.2071428571428573,1.28,1.28
Russia,1808.249452108125,753,12,2.0,2.1666666666666665,0.75,13.803052921547428,2.1336466768226936,2.4945713894419117,0.6817891201773479,1.8127822692645637,0.0,0.0,0.0,0.0,0.0,0.0,0.0,0.0,0.0,0.0,0.0,0.0,0.0,0.0,1.28,1.28,1.28,1.28
Korea Republic,1799.0185405336194,1004,12,1.5833333333333333,1.25,1.0,19.967263249993927,1.8235959375789474,1.6381847470068804,0.9649208747427405,0.67326387226414,3.0,1.1266666666666667,0.6233333333333334,10.666666666666666,9.333333333333334,3.6666666666666665,4.0,56.166666666666664,0.0,0.0,0.0,0.0,0.0,0.0,1.2142857142857144,0.9985714285714287,1.28,1.28
Canada,1798.0248657101763,478,12,1.5,1.3333333333333333,0.8333333333333334,22.772607380781608,1.6361619118422128,1.432506968453623,0.8378969277761833,0.5946100406774398,3.0,2.3333333333333335,0.8799999999999999,19.666666666666668,5.333333333333333,7.333333333333333,2.3333333333333335,52.9,6.0,2.593469284833333,2.7660698974833333,12.333333333333334,14.0,4.666666666666667,1.7314285714285715,1.1085714285714285,1.8429154077857142,1.9168870989214284
Côte d'Ivoire,1790.6224174609135,643,12,2.0,1.75,0.75,21.409021055251003,2.018198851636267,1.699704039415359,0.6482907680002161,1.051413271415143,3.0,1.36,1.4966666666666668,10.333333333333334,13.0,3.0,3.3333333333333335,46.1,0.0,0.0,0.0,0.0,0.0,0.0,1.3142857142857143,1.372857142857143,1.28,1.28
Greece,1785.6989251004402,640,12,1.1666666666666667,1.0,1.25,15.985407300966655,1.5751044817896234,1.4505514250833766,1.0138499710018962,0.4367014540814806,0.0,0.0,0.0,0.0,0.0,0.0,0.0,0.0,0.0,0.0,0.0,0.0,0.0,0.0,1.28,1.28,1.28,1.28
Türkiye,1780.689228783031,655,12,1.5,1.3333333333333333,1.5833333333333333,20.399015723352623,1.6192726273474363,1.6495990078281622,1.5884021684064056,0.061196839421756785,3.0,1.8333333333333333,1.0433333333333332,23.333333333333332,11.333333333333334,4.666666666666667,4.333333333333333,57.70000000000001,5.0,1.29297811824,1.6192149050800002,14.4,14.0,4.4,1.5171428571428571,1.1785714285714286,1.2849915839384616,1.4104672711846156
Sweden,1773.52591007762,1109,12,1.75,1.9166666666666667,1.75,19.711853632046243,1.6185381898804159,1.8017858994885743,1.5900265277650674,0.21175937172350667,3.0,1.3166666666666667,1.2699999999999998,13.333333333333334,8.0,6.666666666666667,4.0,45.1,0.0,0.0,0.0,0.0,0.0,0.0,1.2957142857142858,1.2757142857142856,1.28,1.28
Egypt,1769.3079520403196,768,12,1.4166666666666667,1.5833333333333333,0.8333333333333334,25.133283074858024,1.6800172324836733,1.4637368294366477,0.7936902762516287,0.670046553185019,3.0,1.25,1.34,16.0,13.0,4.333333333333333,4.0,47.36666666666667,0.0,0.0,0.0,0.0,0.0,0.0,1.2671428571428571,1.3057142857142858,1.28,1.28
Jersey,1768.2594804208413,235,12,2.5833333333333335,3.0,1.0,2.0049466544158947,1.9088539401494362,2.501846072839317,1.3411089646221386,1.1607371082171782,0.0,0.0,0.0,0.0,0.0,0.0,0.0,0.0,0.0,0.0,0.0,0.0,0.0,0.0,1.28,1.28,1.28,1.28
Nigeria,1764.5953892652244,665,12,1.6666666666666667,1.5833333333333333,1.1666666666666667,21.739099547751568,1.87941624645863,1.8002129694905233,1.077931230629039,0.7222817388614844,0.0,0.0,0.0,0.0,0.0,0.0,0.0,0.0,0.0,0.0,0.0,0.0,0.0,0.0,1.28,1.28,1.28,1.28
Yugoslavia,1746.0993006444542,483,12,1.6666666666666667,2.25,1.1666666666666667,5.335251400515921e-10,1.5970636210451559,1.7310836726435879,1.1175961403346317,0.613487532308956,0.0,0.0,0.0,0.0,0.0,0.0,0.0,0.0,0.0,0.0,0.0,0.0,0.0,0.0,1.28,1.28,1.28,1.28
Chile,1740.7963965352228,838,12,1.5833333333333333,1.5,1.5833333333333333,15.43778781373813,1.263359619693279,1.3258272982177683,1.4614555541874632,-0.1356282559696949,0.0,0.0,0.0,0.0,0.0,0.0,0.0,0.0,3.0,0.5365871371666667,1.3869431266666667,7.333333333333333,12.666666666666666,2.6666666666666665,1.28,1.28,1.077251037409091,1.3091663072727273
Venezuela,1738.7613908310564,463,12,1.0,1.0,1.4166666666666667,15.237225746415588,1.1413282340081803,1.0095108987251147,1.2125650782510013,-0.2030541795258867,0.0,0.0,0.0,0.0,0.0,0.0,0.0,0.0,4.0,2.515281953175,2.4598992279250003,15.5,14.25,4.5,1.28,1.28,1.6917606510583334,1.6732997426416667
Uzbekistan,1725.3268563200936,363,12,1.0,1.25,1.8333333333333333,18.42622579025112,1.5048007710464286,1.45245601335992,1.3073102799613556,0.1451457333985643,3.0,0.5700000000000001,1.7666666666666666,6.0,17.0,1.6666666666666667,6.0,34.96666666666667,0.0,0.0,0.0,0.0,0.0,0.0,0.9757142857142858,1.4885714285714284,1.28,1.28
Hungary,1720.7231670816188,1010,12,2.0,1.3333333333333333,0.75,16.68517769227149,1.6792499302819275,1.2501379543997602,1.1006339875853894,0.14950396681437075,0.0,0.0,0.0,0.0,0.0,0.0,0.0,0.0,3.0,1.1106306666666665,1.254332423,10.333333333333334,12.666666666666666,3.0,1.28,1.28,1.2338083636363637,1.2729997517272726
Congo DR,1716.535941745564,532,12,1.5,1.1666666666666667,0.9166666666666666,22.35623311019517,1.7115601163548655,1.2419423097361786,0.7717484667598958,0.47019384297628275,3.0,1.0233333333333332,0.7566666666666667,11.333333333333334,10.0,2.6666666666666665,3.6666666666666665,37.06666666666666,0.0,0.0,0.0,0.0,0.0,0.0,1.17,1.0557142857142858,1.28,1.28
Mali,1715.2979276644003,572,12,1.5,1.25,0.9166666666666666,15.845316172665571,1.7276287841550693,1.3877352640347846,0.6849120663674111,0.7028231976673734,0.0,0.0,0.0,0.0,0.0,0.0,0.0,0.0,0.0,0.0,0.0,0.0,0.0,0.0,1.28,1.28,1.28,1.28
Czechoslovakia,1715.0408284609211,520,12,1.5,1.9166666666666667,1.0,1.652115880621664e-09,1.5903630709815884,1.7487972007400179,0.9953746741931135,0.7534225265469043,0.0,0.0,0.0,0.0,0.0,0.0,0.0,0.0,0.0,0.0,0.0,0.0,0.0,0.0,1.28,1.28,1.28,1.28
Guernsey,1714.5775296114757,240,12,1.8333333333333333,2.0833333333333335,0.9166666666666666,0.6145359596058388,1.9300595942940546,1.6376327109922855,0.8282840213102468,0.8093486896820388,0.0,0.0,0.0,0.0,0.0,0.0,0.0,0.0,0.0,0.0,0.0,0.0,0.0,0.0,1.28,1.28,1.28,1.28
Scotland,1714.1560181254176,858,12,1.3333333333333333,1.3333333333333333,1.1666666666666667,19.098443240112463,1.387091738334397,1.3589038846685275,1.2673367912056173,0.09156709346291042,3.0,0.7799999999999999,1.7599999999999998,9.666666666666666,16.0,2.3333333333333335,4.333333333333333,40.86666666666667,2.0,0.47770891100000007,0.9955833550000001,8.0,12.5,1.5,1.0657142857142856,1.4857142857142855,1.1195417822,1.223116671
Saudi Arabia,1713.7180237576354,749,12,1.5833333333333333,1.1666666666666667,0.75,27.83383929289453,1.5795363334693875,1.1535478734081994,0.9297076916764886,0.22384018173171077,3.0,0.5066666666666667,2.0233333333333334,5.666666666666667,21.333333333333332,2.6666666666666665,6.666666666666667,33.0,0.0,0.0,0.0,0.0,0.0,0.0,0.9485714285714286,1.5985714285714285,1.28,1.28
Basque Country,1711.6592984315225,64,12,2.0833333333333335,2.3333333333333335,0.8333333333333334,0.7617483528278934,2.4760869664469047,2.4504678952116885,0.2881181217825242,2.1623497734291646,0.0,0.0,0.0,0.0,0.0,0.0,0.0,0.0,0.0,0.0,0.0,0.0,0.0,0.0,1.28,1.28,1.28,1.28
Panama,1710.0388943435282,545,12,0.9166666666666666,1.0833333333333333,1.5833333333333333,23.523600214660007,1.4349884444770507,1.4129485327290694,1.3155615566219616,0.09738697610710773,3.0,0.7266666666666666,1.1366666666666667,10.666666666666666,10.0,2.3333333333333335,3.3333333333333335,41.93333333333334,4.0,0.805545503075,1.3123889052500002,12.5,10.0,3.75,1.042857142857143,1.2185714285714286,1.1218485010250001,1.2907963017500002
Northern Cyprus,1709.7838099216542,39,12,2.1666666666666665,2.9166666666666665,0.8333333333333334,2.402308072148763,2.9880187003017706,4.972044022072951,0.6688145011549173,4.303229520918033,0.0,0.0,0.0,0.0,0.0,0.0,0.0,0.0,0.0,0.0,0.0,0.0,0.0,0.0,1.28,1.28,1.28,1.28
Ukraine,1709.3816395223105,342,12,1.5833333333333333,1.3333333333333333,1.5,16.714744163429536,1.4392275074155347,1.2472307146291075,1.4254071391269294,-0.17817642449782178,0.0,0.0,0.0,0.0,0.0,0.0,0.0,0.0,3.0,0.9947670916,0.8337248035,13.333333333333334,12.0,4.0,1.28,1.28,1.2022092068,1.1582885827727274
Slovenia,1703.3269487645557,321,12,1.1666666666666667,0.9166666666666666,1.0,16.958551896019816,1.4526272185237656,1.1242096912461972,1.0334545747334831,0.09075511651271416,0.0,0.0,0.0,0.0,0.0,0.0,0.0,0.0,4.0,1.437377600075,1.9501172699999998,10.0,16.5,3.0,1.28,1.28,1.332459200025,1.5033724233333332
Cameroon,1702.5449912354295,619,12,1.75,1.0833333333333333,0.75,16.223817566741992,1.8282758673810808,1.3469691740469483,0.7243868311944153,0.622582342852533,0.0,0.0,0.0,0.0,0.0,0.0,0.0,0.0,0.0,0.0,0.0,0.0,0.0,0.0,1.28,1.28,1.28,1.28
Republic of Ireland,1701.2567402404607,637,12,1.9166666666666667,1.75,0.75,16.734830389189096,1.4801943457108058,1.3821107160980932,1.0332017548102561,0.3489089612878371,0.0,0.0,0.0,0.0,0.0,0.0,0.0,0.0,0.0,0.0,0.0,0.0,0.0,0.0,1.28,1.28,1.28,1.28
Poland,1698.5803214681466,895,12,1.5,1.6666666666666667,1.25,16.882110376503057,1.4417804344206655,1.630366735041051,1.3037246052883353,0.32664212975271567,0.0,0.0,0.0,0.0,0.0,0.0,0.0,0.0,3.0,1.175447889766667,1.6753071045333334,12.333333333333334,18.333333333333332,4.333333333333333,1.28,1.28,1.251485788118182,1.387811028509091
South Africa,1696.8640245532026,488,12,1.5,1.1666666666666667,0.8333333333333334,21.781426194606713,1.7925229833083938,1.4550507086432376,0.7804748152518113,0.6745758933914261,3.0,0.7766666666666667,1.2933333333333332,11.0,12.666666666666666,3.3333333333333335,3.3333333333333335,42.233333333333334,0.0,0.0,0.0,0.0,0.0,0.0,1.0642857142857143,1.2857142857142856,1.28,1.28
Kosovo,1685.642110984959,110,12,1.5833333333333333,1.25,0.9166666666666666,15.826906398493204,1.6475603019204637,1.446186505167569,1.1130541411129329,0.3331323640546364,0.0,0.0,0.0,0.0,0.0,0.0,0.0,0.0,0.0,0.0,0.0,0.0,0.0,0.0,1.28,1.28,1.28,1.28
Wales,1681.1777504082236,730,12,1.0,1.3333333333333333,1.5,16.196856734903594,1.2194351719008285,1.2682282273453556,1.255855450261989,0.012372777083366373,0.0,0.0,0.0,0.0,0.0,0.0,0.0,0.0,0.0,0.0,0.0,0.0,0.0,0.0,1.28,1.28,1.28,1.28
Peru,1678.9721742845159,718,12,0.5,0.8333333333333334,1.9166666666666667,16.306130702473435,0.7696688760716599,0.7371458789503811,1.5632597870490137,-0.8261139080986327,0.0,0.0,0.0,0.0,0.0,0.0,0.0,0.0,3.0,0.4734456401666667,1.346529638,7.666666666666667,9.333333333333334,3.0,1.28,1.28,1.0600306291363637,1.2981444467272727
Jordan,1677.3648619490198,495,12,0.8333333333333334,1.0833333333333333,1.8333333333333333,22.81062187331676,1.227367074080945,1.424200227736744,1.4650741506305205,-0.04087392289377629,3.0,0.6233333333333334,2.1666666666666665,8.0,13.333333333333334,3.0,5.333333333333333,29.46666666666667,0.0,0.0,0.0,0.0,0.0,0.0,0.9985714285714287,1.66,1.28,1.28
Serbia,1675.311513670413,352,12,0.75,0.9166666666666666,2.0833333333333335,16.676662180651554,1.0236957195726397,1.0324914320340992,1.6659902127054822,-0.633498780671383,0.0,0.0,0.0,0.0,0.0,0.0,0.0,0.0,3.0,0.6783928223333332,0.8875041963333334,8.666666666666666,9.0,2.0,1.28,1.28,1.1159253151818183,1.172955689909091
Costa Rica,1675.2015878987402,727,12,1.0,1.25,1.75,19.57174658475906,1.375539422898043,1.7403486766682503,1.526221377875503,0.21412729879274747,0.0,0.0,0.0,0.0,0.0,0.0,0.0,0.0,3.0,0.15802769733333336,1.9878565110000004,3.0,18.333333333333332,0.6666666666666666,1.28,1.28,0.9740075538181818,1.4730517757272727
Bosnia and Herzegovina,1674.9157177743314,291,12,1.3333333333333333,1.1666666666666667,1.1666666666666667,18.976137571623298,1.3601138470435123,1.3570831661023353,1.3459093981030406,0.011173767999294636,3.0,0.61,1.5033333333333332,9.0,11.666666666666666,3.6666666666666665,4.666666666666667,37.56666666666667,0.0,0.0,0.0,0.0,0.0,0.0,0.9928571428571429,1.3757142857142857,1.28,1.28
Isle of Man,1673.7498735259555,58,12,2.0,3.5833333333333335,1.3333333333333333,2.5954228956736762,2.2523325628959836,4.131860297611624,1.3724936453611793,2.7593666522504443,0.0,0.0,0.0,0.0,0.0,0.0,0.0,0.0,0.0,0.0,0.0,0.0,0.0,0.0,1.28,1.28,1.28,1.28
Haiti,1670.9460935684567,517,12,1.3333333333333333,1.5833333333333333,1.4166666666666667,18.42723622450029,1.5466012541640195,1.935496354525331,1.3594645094620676,0.5760318450632633,3.0,0.5366666666666666,1.4833333333333334,10.333333333333334,12.666666666666666,2.3333333333333335,5.666666666666667,42.1,0.0,0.0,0.0,0.0,0.0,0.0,0.9614285714285715,1.3671428571428572,1.28,1.28
Slovakia,1668.3840058194353,374,12,1.9166666666666667,1.75,1.4166666666666667,16.88256851870795,1.8286394233560643,1.6266500681934115,1.1215577192354174,0.5050923489579942,0.0,0.0,0.0,0.0,0.0,0.0,0.0,0.0,4.0,0.962458747725,1.547647225875,12.5,13.5,4.0,1.28,1.28,1.1741529159083333,1.3692157419583333
German DR,1666.8001414519024,298,12,2.1666666666666665,1.9166666666666667,1.1666666666666667,2.0030647279440724e-10,1.73186452315214,1.6229493201474219,1.2572927402268892,0.3656565799205326,0.0,0.0,0.0,0.0,0.0,0.0,0.0,0.0,0.0,0.0,0.0,0.0,0.0,0.0,1.28,1.28,1.28,1.28
New Zealand,1665.6137107237369,423,12,0.75,1.25,2.0833333333333335,18.05688076906265,1.0654685924397722,1.6434119062762267,1.5640381060196031,0.07937380025662354,3.0,0.8266666666666667,2.646666666666667,10.333333333333334,23.666666666666668,5.0,7.0,41.73333333333333,0.0,0.0,0.0,0.0,0.0,0.0,1.0857142857142859,1.8657142857142857,1.28,1.28
Czechia,1664.6350085261647,368,12,0.75,1.25,2.0833333333333335,19.98578391524589,1.243612202948477,1.5028591389439943,1.592590038856537,-0.08973089991254288,3.0,0.8133333333333335,1.7366666666666666,11.333333333333334,14.333333333333334,2.6666666666666665,5.0,37.1,3.0,1.5301805507000001,1.4116590710666668,14.666666666666666,14.0,6.0,1.08,1.4757142857142858,1.3482310592818183,1.3159070193818183
United Arab Emirates,1664.0722434585223,617,12,1.3333333333333333,1.4166666666666667,1.1666666666666667,18.551785763311056,1.5862037119288623,1.5215256164844548,0.9858142574115863,0.5357113590728685,0.0,0.0,0.0,0.0,0.0,0.0,0.0,0.0,0.0,0.0,0.0,0.0,0.0,0.0,1.28,1.28,1.28,1.28
Northern Ireland,1657.1164965013968,711,12,1.5,0.8333333333333334,0.6666666666666666,15.855202406817158,1.4690022991089875,1.0755416496086727,0.9498793308533829,0.12566231875528963,0.0,0.0,0.0,0.0,0.0,0.0,0.0,0.0,0.0,0.0,0.0,0.0,0.0,0.0,1.28,1.28,1.28,1.28
Jamaica,1647.9141333249995,668,12,1.5,0.9166666666666666,0.8333333333333334,21.71806383827692,1.6107800300027764,1.315765400658608,1.0139846975259719,0.3017807031326359,0.0,0.0,0.0,0.0,0.0,0.0,0.0,0.0,3.0,0.702830348,1.7387717429333334,9.333333333333334,20.0,3.0,1.28,1.28,1.122590094909091,1.4051195662545455
Iraq,1641.8075848157027,665,12,0.9166666666666666,0.75,2.0,21.780255313557483,1.500267758147735,1.1048320665569507,1.378741460145794,-0.27390939358884314,3.0,0.7033333333333333,2.47,7.0,19.0,0.6666666666666666,7.0,36.56666666666667,0.0,0.0,0.0,0.0,0.0,0.0,1.032857142857143,1.79,1.28,1.28
Padania,1631.8959664496876,48,12,1.6666666666666667,2.0833333333333335,1.4166666666666667,2.433276072649882,1.9885297533720574,2.6554477879671188,2.6267354631375373,0.028712324829581637,0.0,0.0,0.0,0.0,0.0,0.0,0.0,0.0,0.0,0.0,0.0,0.0,0.0,0.0,1.28,1.28,1.28,1.28
Burkina Faso,1628.0397015426008,467,12,1.5,1.4166666666666667,1.5833333333333333,19.217192849331322,1.6606597552821765,1.5387104194813592,1.3450524006720366,0.1936580188093228,0.0,0.0,0.0,0.0,0.0,0.0,0.0,0.0,0.0,0.0,0.0,0.0,0.0,0.0,1.28,1.28,1.28,1.28
Honduras,1627.619370982805,624,12,1.1666666666666667,1.0,1.0,17.785789994887388,1.3244153396139124,1.264195694878756,1.275695820086105,-0.011500125207349136,0.0,0.0,0.0,0.0,0.0,0.0,0.0,0.0,0.0,0.0,0.0,0.0,0.0,0.0,1.28,1.28,1.28,1.28
Ynys Môn,1627.4446065411112,67,12,2.75,2.5,1.0833333333333333,1.3240553470206557,2.7491194812154682,1.6164060946139949,0.6012918667808889,1.015114227833106,0.0,0.0,0.0,0.0,0.0,0.0,0.0,0.0,0.0,0.0,0.0,0.0,0.0,0.0,1.28,1.28,1.28,1.28
Guatemala,1627.2153615801299,558,12,1.25,1.5,2.0,19.182504760389854,1.3181691550743264,1.4502396894403888,1.5650033780352086,-0.11476368859481964,0.0,0.0,0.0,0.0,0.0,0.0,0.0,0.0,0.0,0.0,0.0,0.0,0.0,0.0,1.28,1.28,1.28,1.28
Tunisia,1627.1728779801144,683,12,0.6666666666666666,0.8333333333333334,2.1666666666666665,22.12532125410672,1.4234843373292312,1.3374060542565593,1.3270112094737938,0.010394844782765571,3.0,0.37333333333333335,1.7466666666666668,6.0,14.333333333333334,2.0,6.0,35.53333333333333,0.0,0.0,0.0,0.0,0.0,0.0,0.8914285714285715,1.48,1.28,1.28
Occitania,1626.7659148310331,33,12,2.25,3.3333333333333335,0.5833333333333334,0.0019711743828167115,2.279688339418696,3.1028271394597304,0.7256992503096571,2.3771278891500733,0.0,0.0,0.0,0.0,0.0,0.0,0.0,0.0,0.0,0.0,0.0,0.0,0.0,0.0,1.28,1.28,1.28,1.28
Isle of Wight,1626.6721245662243,48,12,2.3333333333333335,2.1666666666666665,0.9166666666666666,0.42461464541883015,2.245032326035003,1.7507728684909556,1.0024036672238876,0.7483692012670679,0.0,0.0,0.0,0.0,0.0,0.0,0.0,0.0,0.0,0.0,0.0,0.0,0.0,0.0,1.28,1.28,1.28,1.28
Curaçao,1621.4652311966684,392,12,1.25,1.5833333333333333,2.0833333333333335,18.39050859425099,1.5366495006935383,1.9255828982913525,1.5164387556932468,0.40914414259810566,3.0,0.5633333333333334,2.6199999999999997,9.666666666666666,20.0,2.3333333333333335,10.0,32.199999999999996,0.0,0.0,0.0,0.0,0.0,0.0,0.9728571428571429,1.854285714285714,1.28,1.28
Georgia,1614.979095745686,312,12,0.8333333333333334,0.75,1.4166666666666667,16.53754924039181,1.2154026966976017,1.2429384757309254,1.1718135063935773,0.07112496933734792,0.0,0.0,0.0,0.0,0.0,0.0,0.0,0.0,4.0,1.05426521775,2.597432098225,7.5,26.5,2.0,1.28,1.28,1.2047550725833334,1.7191440327416667
Bolivia,1611.7264323615818,537,12,0.5833333333333334,0.5833333333333334,2.3333333333333335,17.708690351782234,0.7718416105215329,0.6698851698396204,2.1838335661279173,-1.5139483962882967,0.0,0.0,0.0,0.0,0.0,0.0,0.0,0.0,3.0,0.33129500663333333,2.022068598266667,5.666666666666667,17.0,2.3333333333333335,1.28,1.28,1.0212622745363638,1.4823823449818183
Cabo Verde,1602.2642963404414,241,12,0.75,1.0833333333333333,1.5833333333333333,18.205701562099666,1.2411462972056215,1.2495028392732523,1.2894799070712326,-0.03997706779798044,3.0,0.68,1.6133333333333333,11.0,17.0,2.3333333333333335,4.0,35.6,0.0,0.0,0.0,0.0,0.0,0.0,1.022857142857143,1.4228571428571428,1.28,1.28
Israel,1602.2369758870464,502,12,1.0833333333333333,1.4166666666666667,1.9166666666666667,14.247828145733452,1.1871828375049602,1.3026659978673332,1.756831990912643,-0.45416599304531,0.0,0.0,0.0,0.0,0.0,0.0,0.0,0.0,0.0,0.0,0.0,0.0,0.0,0.0,1.28,1.28,1.28,1.28
Palestine,1600.0377880984402,260,12,1.25,1.25,1.0,14.451027307436949,1.3089183166751266,1.3710880016015767,1.0985070718874985,0.2725809297140781,0.0,0.0,0.0,0.0,0.0,0.0,0.0,0.0,0.0,0.0,0.0,0.0,0.0,0.0,1.28,1.28,1.28,1.28
Ghana,1598.994899498431,677,12,0.4166666666666667,0.5833333333333334,1.8333333333333333,17.729039570227556,1.0130445077212187,1.1159403134659498,1.4148758576312788,-0.298935544165329,3.0,0.6900000000000001,1.01,5.0,12.666666666666666,1.0,3.6666666666666665,32.9,0.0,0.0,0.0,0.0,0.0,0.0,1.0271428571428571,1.1642857142857144,1.28,1.28
Iceland,1598.2751157889527,526,12,1.1666666666666667,1.1666666666666667,1.3333333333333333,17.386533095346383,1.178009471977661,1.4236562133912916,1.484354871884097,-0.0606986584928056,0.0,0.0,0.0,0.0,0.0,0.0,0.0,0.0,0.0,0.0,0.0,0.0,0.0,0.0,1.28,1.28,1.28,1.28
Iraqi Kurdistan,1596.8582448380773,27,12,1.75,2.25,0.9166666666666666,0.0050654355440691405,1.7295854778772384,2.02935708841183,0.7215101479400954,1.3078469404717346,0.0,0.0,0.0,0.0,0.0,0.0,0.0,0.0,0.0,0.0,0.0,0.0,0.0,0.0,1.28,1.28,1.28,1.28
Abkhazia,1593.5550579741928,33,12,1.8333333333333333,1.8333333333333333,0.75,0.06530645842775967,1.8233781836778775,1.6275335596527722,0.7014611011447311,0.9260724585080409,0.0,0.0,0.0,0.0,0.0,0.0,0.0,0.0,0.0,0.0,0.0,0.0,0.0,0.0,1.28,1.28,1.28,1.28
Albania,1591.4846268493147,402,12,1.5,1.25,1.0,16.58362390070024,1.4986199614020173,1.188362472508045,0.914675167877659,0.27368730463038615,0.0,0.0,0.0,0.0,0.0,0.0,0.0,0.0,2.0,0.9145071425000002,1.4051562784999998,12.0,18.5,5.5,1.28,1.28,1.2069014285000002,1.3050312557
Angola,1589.7439427821726,417,12,1.5,1.4166666666666667,1.0,14.59785590144944,1.5197071021116257,1.2421499154228153,0.8379490131000168,0.4042009023227986,0.0,0.0,0.0,0.0,0.0,0.0,0.0,0.0,0.0,0.0,0.0,0.0,0.0,0.0,1.28,1.28,1.28,1.28
Suriname,1588.1514228988558,403,12,1.4166666666666667,1.25,1.0,13.731925158418257,1.4692019553819358,1.3563666718607805,1.0940000755483275,0.26236659631245324,0.0,0.0,0.0,0.0,0.0,0.0,0.0,0.0,0.0,0.0,0.0,0.0,0.0,0.0,1.28,1.28,1.28,1.28
Catalonia,1587.3005786457265,48,12,1.6666666666666667,1.8333333333333333,1.0833333333333333,0.007652654259575103,2.3757213405020075,1.9880685261507354,1.29204742545777,0.6960211006929652,0.0,0.0,0.0,0.0,0.0,0.0,0.0,0.0,0.0,0.0,0.0,0.0,0.0,0.0,1.28,1.28,1.28,1.28
Tamil Eelam,1575.7428964614999,28,12,2.0,2.25,1.75,1.6165318411309264,2.969953427968329,3.494465559961571,0.4408951112210903,3.053570448740481,0.0,0.0,0.0,0.0,0.0,0.0,0.0,0.0,0.0,0.0,0.0,0.0,0.0,0.0,1.28,1.28,1.28,1.28
Qatar,1575.62160813341,643,12,0.9166666666666666,0.5833333333333334,1.4166666666666667,21.705862315579868,1.2495842605473642,1.1216274091809382,1.4720375553270204,-0.3504101461460823,3.0,0.63,2.6033333333333335,5.666666666666667,24.333333333333332,2.0,7.666666666666667,30.633333333333336,0.0,0.0,0.0,0.0,0.0,0.0,1.0014285714285713,1.8471428571428572,1.28,1.28
Réunion,1571.282108120304,124,12,2.0,1.6666666666666667,0.5,0.5006659875101598,1.3070353073499013,0.8411486635099827,0.7265054620131645,0.11464320149681825,0.0,0.0,0.0,0.0,0.0,0.0,0.0,0.0,0.0,0.0,0.0,0.0,0.0,0.0,1.28,1.28,1.28,1.28
Vietnam,1570.8046543802434,311,12,2.1666666666666665,1.9166666666666667,0.6666666666666666,23.315085938462147,2.126670938902318,2.154489115481783,0.8200198731385613,1.3344692423432218,0.0,0.0,0.0,0.0,0.0,0.0,0.0,0.0,0.0,0.0,0.0,0.0,0.0,0.0,1.28,1.28,1.28,1.28
Uganda,1570.47885905284,689,12,1.5,1.1666666666666667,1.3333333333333333,14.474088926229511,1.5386812319982817,1.1650213428407825,1.1716126035209544,-0.006591260680171878,0.0,0.0,0.0,0.0,0.0,0.0,0.0,0.0,0.0,0.0,0.0,0.0,0.0,0.0,1.28,1.28,1.28,1.28
Syria,1569.1256658820084,488,12,1.5833333333333333,1.8333333333333333,1.1666666666666667,13.946451380180022,1.35096143972453,1.4431623228632786,1.3702502516501478,0.07291207121313077,0.0,0.0,0.0,0.0,0.0,0.0,0.0,0.0,0.0,0.0,0.0,0.0,0.0,0.0,1.28,1.28,1.28,1.28
Kernow,1566.0554257982992,12,12,1.9166666666666667,2.6666666666666665,1.5833333333333333,0.112808309538218,2.9999766605051703,2.1604708671018553,0.946511300406518,1.2139595666953373,0.0,0.0,0.0,0.0,0.0,0.0,0.0,0.0,0.0,0.0,0.0,0.0,0.0,0.0,1.28,1.28,1.28,1.28
Romania,1564.9968752172533,772,12,1.0833333333333333,1.4166666666666667,1.9166666666666667,16.81066701476525,1.1895743770110543,1.4057267330500869,1.6423238814684316,-0.23659714841834456,0.0,0.0,0.0,0.0,0.0,0.0,0.0,0.0,4.0,0.93918187725,1.4150680577499999,9.5,17.5,3.75,1.28,1.28,1.1663939590833334,1.3250226859166667
Oman,1563.7496777188546,551,12,1.0,0.8333333333333334,1.3333333333333333,18.66357487133639,1.2710748979923263,0.9474889659306877,1.1408429407672618,-0.19335397483657413,0.0,0.0,0.0,0.0,0.0,0.0,0.0,0.0,0.0,0.0,0.0,0.0,0.0,0.0,1.28,1.28,1.28,1.28
Thailand,1562.4045724006012,881,12,1.9166666666666667,2.0833333333333335,0.9166666666666666,25.31725840854299,1.8747360200104148,2.052952722313498,1.0172315114088155,1.0357212109046823,0.0,0.0,0.0,0.0,0.0,0.0,0.0,0.0,0.0,0.0,0.0,0.0,0.0,0.0,1.28,1.28,1.28,1.28
Kárpátalja,1560.9491038145404,11,11,1.8181818181818181,2.272727272727273,1.1818181818181819,0.02549942098215067,2.026171385991589,2.389204869771994,1.061670726837976,1.327534142934018,0.0,0.0,0.0,0.0,0.0,0.0,0.0,0.0,0.0,0.0,0.0,0.0,0.0,0.0,1.28,1.28,1.28,1.28
Andalusia,1556.8516450962113,13,12,2.3333333333333335,2.0,0.8333333333333334,9.978574557630356e-05,2.9937574081063665,2.0495731719603847,0.9969667004838436,1.052606471476541,0.0,0.0,0.0,0.0,0.0,0.0,0.0,0.0,0.0,0.0,0.0,0.0,0.0,0.0,1.28,1.28,1.28,1.28
Panjab,1556.563453282931,19,12,1.25,2.5833333333333335,1.3333333333333333,0.04196569454583128,1.5897386235365456,3.4152429330385905,1.356752198185221,2.058490734853369,0.0,0.0,0.0,0.0,0.0,0.0,0.0,0.0,0.0,0.0,0.0,0.0,0.0,0.0,1.28,1.28,1.28,1.28
Rhodes,1554.8767603743186,18,12,2.0,1.6666666666666667,1.0,8.152587339748139e-05,1.7887440921240638,1.4252389019862794,1.0956910817141623,0.32954782027211726,0.0,0.0,0.0,0.0,0.0,0.0,0.0,0.0,0.0,0.0,0.0,0.0,0.0,0.0,1.28,1.28,1.28,1.28
Guinea,1553.9465055098185,541,12,1.3333333333333333,1.1666666666666667,0.9166666666666666,13.073942049318847,1.3892137867024412,1.2279020682130135,0.964436184725841,0.2634658834871725,0.0,0.0,0.0,0.0,0.0,0.0,0.0,0.0,0.0,0.0,0.0,0.0,0.0,0.0,1.28,1.28,1.28,1.28
Ellan Vannin,1552.396449163487,22,12,1.25,1.4166666666666667,1.5,0.02441162516749803,1.72220627713608,1.894191056319356,1.3340520589022722,0.5601389974170841,0.0,0.0,0.0,0.0,0.0,0.0,0.0,0.0,0.0,0.0,0.0,0.0,0.0,0.0,1.28,1.28,1.28,1.28
Belarus,1551.1554909195456,320,12,1.5833333333333333,1.4166666666666667,1.3333333333333333,15.980064013462654,1.4476388844063204,1.3177096561361925,1.3478031573243359,-0.030093501188143353,0.0,0.0,0.0,0.0,0.0,0.0,0.0,0.0,0.0,0.0,0.0,0.0,0.0,0.0,1.28,1.28,1.28,1.28
Finland,1549.802899314354,822,12,1.4166666666666667,1.5833333333333333,1.25,16.220418034040204,1.2137434489949415,1.3806424725432835,1.3754300448873669,0.005212427655916684,0.0,0.0,0.0,0.0,0.0,0.0,0.0,0.0,0.0,0.0,0.0,0.0,0.0,0.0,1.28,1.28,1.28,1.28
County of Nice,1548.473709335873,9,9,2.111111111111111,2.111111111111111,1.4444444444444444,0.00253988342384552,2.154076630875322,2.3135829661151472,1.6212553796275369,0.6923275864876104,0.0,0.0,0.0,0.0,0.0,0.0,0.0,0.0,0.0,0.0,0.0,0.0,0.0,0.0,1.28,1.28,1.28,1.28
Gambia,1547.8831420969702,268,12,1.6666666666666667,2.3333333333333335,1.5833333333333333,11.313945829760916,1.5386266067764311,2.0309995251767083,1.6301189891111814,0.40088053606552715,0.0,0.0,0.0,0.0,0.0,0.0,0.0,0.0,0.0,0.0,0.0,0.0,0.0,0.0,1.28,1.28,1.28,1.28
Zambia,1545.6019454882955,795,12,0.6666666666666666,0.6666666666666666,2.1666666666666665,12.467970768462019,1.119224209787587,1.0121166803836372,1.6556138715097202,-0.6434971911260831,0.0,0.0,0.0,0.0,0.0,0.0,0.0,0.0,0.0,0.0,0.0,0.0,0.0,0.0,1.28,1.28,1.28,1.28
Yorkshire,1543.5800243194478,7,7,2.2857142857142856,3.857142857142857,1.5714285714285714,0.028039410634662205,2.3992847855970725,3.713903722681567,1.5871802791405407,2.1267234435410267,0.0,0.0,0.0,0.0,0.0,0.0,0.0,0.0,0.0,0.0,0.0,0.0,0.0,0.0,1.28,1.28,1.28,1.28
Guyana,1543.4919078758294,317,12,2.5,2.75,0.8333333333333334,12.18793289335212,2.2537115582801563,2.758872466247632,1.1421036979361943,1.6167687683114376,0.0,0.0,0.0,0.0,0.0,0.0,0.0,0.0,0.0,0.0,0.0,0.0,0.0,0.0,1.28,1.28,1.28,1.28
Menorca,1542.7338761203525,25,12,1.4166666666666667,1.8333333333333333,1.25,0.4330122713266668,0.7692925960688246,1.5123969677709328,1.7333855132485245,-0.2209885454775918,0.0,0.0,0.0,0.0,0.0,0.0,0.0,0.0,0.0,0.0,0.0,0.0,0.0,0.0,1.28,1.28,1.28,1.28
Malaysia,1541.109114168031,846,12,2.0833333333333335,1.9166666666666667,0.6666666666666666,19.489939698764218,1.9436909543807979,1.7998594482997272,0.8890827874729579,0.910776660826769,0.0,0.0,0.0,0.0,0.0,0.0,0.0,0.0,0.0,0.0,0.0,0.0,0.0,0.0,1.28,1.28,1.28,1.28
Artsakh,1540.9843477201982,11,11,1.8181818181818181,2.909090909090909,1.2727272727272727,0.03167432278298099,1.9903407793576906,1.8724233899058225,1.5831703923906377,0.28925299751518496,0.0,0.0,0.0,0.0,0.0,0.0,0.0,0.0,0.0,0.0,0.0,0.0,0.0,0.0,1.28,1.28,1.28,1.28
Benin,1540.4920781781689,328,12,1.1666666666666667,0.75,1.75,15.851480032263463,1.274740967836804,0.9511512955350315,1.508518567225612,-0.5573672716905805,0.0,0.0,0.0,0.0,0.0,0.0,0.0,0.0,0.0,0.0,0.0,0.0,0.0,0.0,1.28,1.28,1.28,1.28
Kurdistan,1539.8029874757817,5,5,2.6,2.4,0.4,0.0003928886043795491,2.76318846938891,2.502856659910168,0.23591551205907405,2.2669411478510932,0.0,0.0,0.0,0.0,0.0,0.0,0.0,0.0,0.0,0.0,0.0,0.0,0.0,0.0,1.28,1.28,1.28,1.28
Gabon,1539.1679553676684,407,12,1.1666666666666667,1.6666666666666667,1.75,12.97976188926084,1.3638715971240871,1.5472550894501125,1.5811486617435773,-0.03389357229346483,0.0,0.0,0.0,0.0,0.0,0.0,0.0,0.0,0.0,0.0,0.0,0.0,0.0,0.0,1.28,1.28,1.28,1.28
New Caledonia,1539.1210245564264,269,12,1.4166666666666667,1.5,1.5833333333333333,8.024579383860805,1.2248422063023696,1.4560890604476668,1.6146823929807552,-0.15859333253308835,0.0,0.0,0.0,0.0,0.0,0.0,0.0,0.0,0.0,0.0,0.0,0.0,0.0,0.0,1.28,1.28,1.28,1.28
Corsica,1533.1737956223155,9,9,1.7777777777777777,1.1111111111111112,0.5555555555555556,0.0027009098293344132,1.307048363640843,1.004296779054514,0.8464753014544238,0.15782147760009024,0.0,0.0,0.0,0.0,0.0,0.0,0.0,0.0,0.0,0.0,0.0,0.0,0.0,0.0,1.28,1.28,1.28,1.28
Tahiti,1532.616472829343,244,12,1.5833333333333333,1.4166666666666667,1.5,5.230132831423161,1.6096383889320731,1.9698199287116307,1.557439279754476,0.41238064895715465,0.0,0.0,0.0,0.0,0.0,0.0,0.0,0.0,0.0,0.0,0.0,0.0,0.0,0.0,1.28,1.28,1.28,1.28
Cascadia,1532.2007523201705,7,7,1.8571428571428572,3.2857142857142856,2.0,0.024496172116184812,1.9955055045976424,3.6153788965534477,2.1198606119127588,1.4955182846406887,0.0,0.0,0.0,0.0,0.0,0.0,0.0,0.0,0.0,0.0,0.0,0.0,0.0,0.0,1.28,1.28,1.28,1.28
North Macedonia,1529.8069411007298,310,12,0.4166666666666667,0.16666666666666666,2.1666666666666665,16.10767485894045,0.9177195853030761,0.761408831670112,1.7015052615785458,-0.9400964299084339,0.0,0.0,0.0,0.0,0.0,0.0,0.0,0.0,0.0,0.0,0.0,0.0,0.0,0.0,1.28,1.28,1.28,1.28
Chameria,1529.7945255531477,7,7,1.5714285714285714,2.0,1.1428571428571428,0.23813481973764763,1.5140786937071096,2.409359254652092,1.8435805157848366,0.565778738867255,0.0,0.0,0.0,0.0,0.0,0.0,0.0,0.0,0.0,0.0,0.0,0.0,0.0,0.0,1.28,1.28,1.28,1.28
Dominican Republic,1527.9832286371584,163,12,1.3333333333333333,1.25,1.5833333333333333,14.746442615685588,1.5762287203485248,1.9691465732107523,1.591436613650476,0.37770995956027614,0.0,0.0,0.0,0.0,0.0,0.0,0.0,0.0,0.0,0.0,0.0,0.0,0.0,0.0,1.28,1.28,1.28,1.28
Arameans Suryoye,1525.2472055468222,10,10,1.7,1.6,1.2,0.0009755315222744361,1.9882147737946319,1.7957103558370273,1.202963102423822,0.592747253413205,0.0,0.0,0.0,0.0,0.0,0.0,0.0,0.0,0.0,0.0,0.0,0.0,0.0,0.0,1.28,1.28,1.28,1.28
Quebec,1525.194161726403,3,3,2.0,8.0,0.6666666666666666,0.0002994408105312903,1.9961995381787323,7.973425617769054,0.6679318844672043,7.30549373330185,0.0,0.0,0.0,0.0,0.0,0.0,0.0,0.0,0.0,0.0,0.0,0.0,0.0,0.0,1.28,1.28,1.28,1.28
Maule Sur,1521.7580063128062,2,2,3.0,1.0,0.0,0.10124292593528741,3.0000000000000004,1.0,0.0,1.0,0.0,0.0,0.0,0.0,0.0,0.0,0.0,0.0,0.0,0.0,0.0,0.0,0.0,0.0,1.28,1.28,1.28,1.28
Montenegro,1516.806454068797,174,12,1.9166666666666667,1.6666666666666667,1.5,15.97433244515173,1.5908986194785424,1.3719077354639937,1.482312035577337,-0.11040430011334315,0.0,0.0,0.0,0.0,0.0,0.0,0.0,0.0,0.0,0.0,0.0,0.0,0.0,0.0,1.28,1.28,1.28,1.28
Elba Island,1516.265500672693,2,2,3.0,4.5,1.0,0.0988139198626045,3.0,4.540267064813497,0.9194658703730062,3.6208011944404905,0.0,0.0,0.0,0.0,0.0,0.0,0.0,0.0,0.0,0.0,0.0,0.0,0.0,0.0,1.28,1.28,1.28,1.28
Parishes of Jersey,1513.6488567851727,3,3,2.0,3.6666666666666665,1.3333333333333333,0.01624556962334442,1.8707634716145056,3.887069369768377,1.3771276745750534,2.509941695193324,0.0,0.0,0.0,0.0,0.0,0.0,0.0,0.0,0.0,0.0,0.0,0.0,0.0,0.0,1.28,1.28,1.28,1.28
Western Armenia,1513.170062218339,16,12,1.25,1.6666666666666667,1.3333333333333333,0.05308509914419638,1.2160111606359156,1.8250148703944105,1.1461874060866366,0.6788274643077739,0.0,0.0,0.0,0.0,0.0,0.0,0.0,0.0,0.0,0.0,0.0,0.0,0.0,0.0,1.28,1.28,1.28,1.28
Galicia,1513.0186488159611,12,12,1.5,1.75,1.9166666666666667,0.19328239134393563,0.004268930248846981,0.00490112664838309,1.999690171974776,-1.994789045326393,0.0,0.0,0.0,0.0,0.0,0.0,0.0,0.0,0.0,0.0,0.0,0.0,0.0,0.0,1.28,1.28,1.28,1.28
Biafra,1511.0895344405012,3,3,2.0,0.6666666666666666,0.3333333333333333,0.14463988338753336,2.002531640240264,0.6675105467467547,0.3324894532532453,0.3350210934935094,0.0,0.0,0.0,0.0,0.0,0.0,0.0,0.0,0.0,0.0,0.0,0.0,0.0,0.0,1.28,1.28,1.28,1.28
Mozambique,1509.7168108435233,377,12,1.1666666666666667,1.25,1.4166666666666667,14.307615757740532,1.2420294791544642,1.2670780187060184,1.4974669839190176,-0.2303889652129989,0.0,0.0,0.0,0.0,0.0,0.0,0.0,0.0,0.0,0.0,0.0,0.0,0.0,0.0,1.28,1.28,1.28,1.28
Asturias,1509.4682868875645,1,1,3.0,3.0,1.0,6.145401439165004e-32,3.0,3.0,1.0,2.0,0.0,0.0,0.0,0.0,0.0,0.0,0.0,0.0,0.0,0.0,0.0,0.0,0.0,0.0,1.28,1.28,1.28,1.28
Surrey,1509.304058284794,1,1,3.0,3.0,1.0,0.0029102170380834605,3.0000000000000004,3.0000000000000004,1.0,2.0,0.0,0.0,0.0,0.0,0.0,0.0,0.0,0.0,0.0,0.0,0.0,0.0,0.0,0.0,1.28,1.28,1.28,1.28
Silesia,1508.3082168734134,8,8,1.375,3.0,2.125,1.0667428237489856e-06,1.0000000003515674,1.0000000010547028,1.000000000175784,8.78918728917437e-10,0.0,0.0,0.0,0.0,0.0,0.0,0.0,0.0,0.0,0.0,0.0,0.0,0.0,0.0,1.28,1.28,1.28,1.28
Canary Islands,1508.044927604384,4,4,2.25,2.75,0.75,2.265910207576472e-06,2.940420454589946,1.9648028991109323,0.03997536266271146,1.924827536448221,0.0,0.0,0.0,0.0,0.0,0.0,0.0,0.0,0.0,0.0,0.0,0.0,0.0,0.0,1.28,1.28,1.28,1.28
United Koreans in Japan,1507.5332390196925,12,12,1.25,1.6666666666666667,0.9166666666666666,0.02335851078570189,1.2228500107792255,1.467802269469427,0.7583985231569673,0.7094037463124598,0.0,0.0,0.0,0.0,0.0,0.0,0.0,0.0,0.0,0.0,0.0,0.0,0.0,0.0,1.28,1.28,1.28,1.28
Brittany,1506.4696782509907,12,12,1.75,1.5,1.25,0.00014465644633710937,2.2647806179050116,0.8756895244921364,0.4259751241809214,0.44971440031121523,0.0,0.0,0.0,0.0,0.0,0.0,0.0,0.0,0.0,0.0,0.0,0.0,0.0,0.0,1.28,1.28,1.28,1.28
Donetsk PR,1506.403794440208,6,6,1.3333333333333333,1.3333333333333333,1.1666666666666667,0.004656465285872978,1.7996904874146973,1.4299534972894319,1.0153425676340486,0.4146109296553831,0.0,0.0,0.0,0.0,0.0,0.0,0.0,0.0,0.0,0.0,0.0,0.0,0.0,0.0,1.28,1.28,1.28,1.28
Rwanda,1506.1157594429055,283,12,1.4166666666666667,1.0833333333333333,1.0,11.243005535838089,1.5322613332832975,1.1184762902154235,0.9098337002535972,0.20864258996182627,0.0,0.0,0.0,0.0,0.0,0.0,0.0,0.0,0.0,0.0,0.0,0.0,0.0,0.0,1.28,1.28,1.28,1.28
Shetland,1504.7199233802708,58,12,1.1666666666666667,2.0833333333333335,2.0,1.7378728552049316,1.0539027685437887,1.7537838923723552,1.6449783529061868,0.10880553946616829,0.0,0.0,0.0,0.0,0.0,0.0,0.0,0.0,0.0,0.0,0.0,0.0,0.0,0.0,1.28,1.28,1.28,1.28
Libya,1504.6488948881884,387,12,1.3333333333333333,1.0833333333333333,1.0,11.158692486748908,1.3285775078292552,1.082874823529704,1.0071596471420616,0.07571517638764229,0.0,0.0,0.0,0.0,0.0,0.0,0.0,0.0,0.0,0.0,0.0,0.0,0.0,0.0,1.28,1.28,1.28,1.28
Indonesia,1503.718885174798,735,12,2.0,2.5,0.8333333333333334,21.079785408508393,1.6318804078469054,1.9767015539178534,1.220384289013943,0.7563172649039104,0.0,0.0,0.0,0.0,0.0,0.0,0.0,0.0,0.0,0.0,0.0,0.0,0.0,0.0,1.28,1.28,1.28,1.28
Mapuche,1503.4431272720133,2,2,1.5,1.5,1.0,0.10114670292470765,1.5014242746005144,1.5014242746005144,1.0,0.5014242746005144,0.0,0.0,0.0,0.0,0.0,0.0,0.0,0.0,0.0,0.0,0.0,0.0,0.0,0.0,1.28,1.28,1.28,1.28
North Korea,1502.417991196181,388,12,0.3333333333333333,0.9166666666666666,2.0,4.786296994058849,0.6813944712456018,1.1117526646737586,1.7525469970081575,-0.6407943323343986,0.0,0.0,0.0,0.0,0.0,0.0,0.0,0.0,0.0,0.0,0.0,0.0,0.0,0.0,1.28,1.28,1.28,1.28
Crimea,1501.2232677031625,5,5,1.8,1.4,2.2,5.1603944414723626e-06,1.7990786819420344,1.401818819131848,2.199779948739687,-0.7979611296078392,0.0,0.0,0.0,0.0,0.0,0.0,0.0,0.0,0.0,0.0,0.0,0.0,0.0,0.0,1.28,1.28,1.28,1.28
Délvidék,1500.0710258158783,2,2,1.5,2.0,1.5,0.0017197814541674557,1.497151453367168,1.9981009689114453,1.5009495155442774,0.4971514533671678,0.0,0.0,0.0,0.0,0.0,0.0,0.0,0.0,0.0,0.0,0.0,0.0,0.0,0.0,1.28,1.28,1.28,1.28
Zanzibar,1499.381077915957,209,12,1.9166666666666667,1.3333333333333333,1.0833333333333333,1.211571156140902,2.2455773983789324,1.0092070758909675,0.5097131177071892,0.4994939581837784,0.0,0.0,0.0,0.0,0.0,0.0,0.0,0.0,0.0,0.0,0.0,0.0,0.0,0.0,1.28,1.28,1.28,1.28
Saugeais,1497.82432542305,1,1,1.0,1.0,1.0,0.0001005742043509659,1.0,1.0,1.0,0.0,0.0,0.0,0.0,0.0,0.0,0.0,0.0,0.0,0.0,0.0,0.0,0.0,0.0,0.0,1.28,1.28,1.28,1.28
Felvidék,1497.4928114137012,12,12,1.4166666666666667,1.1666666666666667,1.6666666666666667,0.010243153523020854,1.5072291113354912,1.0094272212793869,1.1934255879966031,-0.1839983667172161,0.0,0.0,0.0,0.0,0.0,0.0,0.0,0.0,0.0,0.0,0.0,0.0,0.0,0.0,1.28,1.28,1.28,1.28
Central Spain,1497.2214088689814,2,2,1.5,1.0,2.0,1.5422409706288233e-31,2.007581653646697,1.0,1.3232244618044047,-0.32322446180440445,0.0,0.0,0.0,0.0,0.0,0.0,0.0,0.0,0.0,0.0,0.0,0.0,0.0,0.0,1.28,1.28,1.28,1.28
Székely Land,1496.9726908074895,27,12,1.1666666666666667,2.25,2.0833333333333335,0.2698845622854099,2.495152077034174,4.229220285590296,1.3077053609491187,2.921514924641177,0.0,0.0,0.0,0.0,0.0,0.0,0.0,0.0,0.0,0.0,0.0,0.0,0.0,0.0,1.28,1.28,1.28,1.28
China,1496.1378685716113,709,12,1.1666666666666667,0.8333333333333334,1.4166666666666667,13.846373818439591,1.1092594072124946,0.9391286523884325,1.5407562881323125,-0.60162763574388,0.0,0.0,0.0,0.0,0.0,0.0,0.0,0.0,0.0,0.0,0.0,0.0,0.0,0.0,1.28,1.28,1.28,1.28
Republic of St. Pauli,1494.1309474679226,4,4,1.0,2.5,1.25,2.9646864582999187e-06,0.9971492077731948,2.4964335818353587,1.2522563891993648,1.2441771926359941,0.0,0.0,0.0,0.0,0.0,0.0,0.0,0.0,0.0,0.0,0.0,0.0,0.0,0.0,1.28,1.28,1.28,1.28
Cilento,1493.7138988478368,1,1,0.0,0.0,2.0,3.552460373126883e-05,0.0,0.0,2.0,-2.0,0.0,0.0,0.0,0.0,0.0,0.0,0.0,0.0,0.0,0.0,0.0,0.0,0.0,0.0,1.28,1.28,1.28,1.28
Madrid,1493.44106071925,1,1,0.0,1.0,2.0,9.645890595600823e-05,0.0,1.0,2.0,-1.0,0.0,0.0,0.0,0.0,0.0,0.0,0.0,0.0,0.0,0.0,0.0,0.0,0.0,0.0,1.28,1.28,1.28,1.28
Seborga,1492.0628393259137,1,1,0.0,2.0,3.0,0.00021784904939130254,0.0,2.0,3.0,-1.0,0.0,0.0,0.0,0.0,0.0,0.0,0.0,0.0,0.0,0.0,0.0,0.0,0.0,0.0,1.28,1.28,1.28,1.28
Luhansk PR,1491.537834396402,6,6,1.1666666666666667,1.5,2.0,0.01782767502490878,1.5943807268480437,2.110772074418328,2.4481602470122725,-0.33738817259394477,0.0,0.0,0.0,0.0,0.0,0.0,0.0,0.0,0.0,0.0,0.0,0.0,0.0,0.0,1.28,1.28,1.28,1.28
Vanuatu,1491.3372190546022,222,12,1.5,1.6666666666666667,1.5,11.70512852679232,1.4420821390790286,1.60338617219751,1.6889939398866838,-0.08560776768917376,0.0,0.0,0.0,0.0,0.0,0.0,0.0,0.0,0.0,0.0,0.0,0.0,0.0,0.0,1.28,1.28,1.28,1.28
North Vietnam,1489.9144519168408,24,12,1.25,2.0833333333333335,1.5,2.029136764993783e-17,2.3817100133829854,2.231842984992851,1.1887552107199026,1.0430877742729487,0.0,0.0,0.0,0.0,0.0,0.0,0.0,0.0,0.0,0.0,0.0,0.0,0.0,0.0,1.28,1.28,1.28,1.28
Togo,1489.784358437948,449,12,1.3333333333333333,1.0833333333333333,1.0833333333333333,11.337306204085912,1.3467348024869161,1.1583538035970564,1.126313304125258,0.03204049947179851,0.0,0.0,0.0,0.0,0.0,0.0,0.0,0.0,0.0,0.0,0.0,0.0,0.0,0.0,1.28,1.28,1.28,1.28
Sealand,1488.8852076132246,12,12,1.4166666666666667,2.25,2.5,0.0014482428329718458,1.7602293379990133,2.7041801843891724,2.2930724254926207,0.4111077588965514,0.0,0.0,0.0,0.0,0.0,0.0,0.0,0.0,0.0,0.0,0.0,0.0,0.0,0.0,1.28,1.28,1.28,1.28
Franconia,1488.6211159881448,3,3,2.0,2.6666666666666665,3.6666666666666665,0.007048451831129108,2.8047993966455538,3.7397325288607384,3.1682941823126582,0.5714383465480801,0.0,0.0,0.0,0.0,0.0,0.0,0.0,0.0,0.0,0.0,0.0,0.0,0.0,0.0,1.28,1.28,1.28,1.28
Zimbabwe,1488.428562281109,498,12,1.1666666666666667,1.25,1.4166666666666667,13.366218533355275,1.06840180924182,1.0911574421396255,1.3332940017903205,-0.24213655965069503,0.0,0.0,0.0,0.0,0.0,0.0,0.0,0.0,0.0,0.0,0.0,0.0,0.0,0.0,1.28,1.28,1.28,1.28
Yoruba Nation,1487.9122012535163,2,2,0.5,0.5,1.0,0.09618264492507818,0.4990504844557226,0.4990504844557226,1.0,-0.5009495155442774,0.0,0.0,0.0,0.0,0.0,0.0,0.0,0.0,0.0,0.0,0.0,0.0,0.0,0.0,1.28,1.28,1.28,1.28
Matabeleland,1486.4098723848101,8,8,1.375,0.875,1.75,0.15982656979631668,1.3381688813670254,0.697347853755056,0.8325403236145922,-0.1351924698595361,0.0,0.0,0.0,0.0,0.0,0.0,0.0,0.0,0.0,0.0,0.0,0.0,0.0,0.0,1.28,1.28,1.28,1.28
Gotland,1485.3991250368456,30,12,0.75,2.75,2.3333333333333335,0.008165108557008114,1.1914086365431813,3.6260457160574036,1.5720676095819994,2.0539781064754044,0.0,0.0,0.0,0.0,0.0,0.0,0.0,0.0,0.0,0.0,0.0,0.0,0.0,0.0,1.28,1.28,1.28,1.28
Gozo,1485.034419686722,14,12,1.1666666666666667,2.3333333333333335,1.5,1.703400707346698,0.8737234969820613,1.0034454861820028,1.3798426060970284,-0.37639711991502556,0.0,0.0,0.0,0.0,0.0,0.0,0.0,0.0,0.0,0.0,0.0,0.0,0.0,0.0,1.28,1.28,1.28,1.28
Somaliland,1483.7659520856503,6,6,1.1666666666666667,2.3333333333333335,3.3333333333333335,0.00903982948662367,0.529294638654904,2.1721646469213627,4.901359866974925,-2.7291952200535627,0.0,0.0,0.0,0.0,0.0,0.0,0.0,0.0,0.0,0.0,0.0,0.0,0.0,0.0,1.28,1.28,1.28,1.28
Sápmi,1483.4914183821372,31,12,1.0,1.4166666666666667,2.0833333333333335,0.14223489772090786,0.18360561273334844,1.0310105302194974,2.1440755794583684,-1.1130650492388712,0.0,0.0,0.0,0.0,0.0,0.0,0.0,0.0,0.0,0.0,0.0,0.0,0.0,0.0,1.28,1.28,1.28,1.28
Fiji,1483.1444467073982,273,12,1.0833333333333333,1.0,2.5,12.795320210594415,1.3818236565633637,1.4500119419019826,1.6797424286928178,-0.22973048679083538,0.0,0.0,0.0,0.0,0.0,0.0,0.0,0.0,0.0,0.0,0.0,0.0,0.0,0.0,1.28,1.28,1.28,1.28
South Yemen,1482.800935915492,3,3,0.0,0.3333333333333333,2.6666666666666665,1.8294430863274324e-13,0.0,0.33333173052678217,2.665399846059577,-2.332068115532795,0.0,0.0,0.0,0.0,0.0,0.0,0.0,0.0,0.0,0.0,0.0,0.0,0.0,0.0,1.28,1.28,1.28,1.28
Greenland,1482.4850342045615,80,12,1.5,1.6666666666666667,2.25,2.89579295802587,1.792188633974367,2.3737448070817515,2.2388200673038483,0.13492473977790354,0.0,0.0,0.0,0.0,0.0,0.0,0.0,0.0,0.0,0.0,0.0,0.0,0.0,0.0,1.28,1.28,1.28,1.28
Ryūkyū,1481.5896289153093,1,1,0.0,0.0,9.0,0.0010717963885786956,0.0,0.0,9.0,-9.0,0.0,0.0,0.0,0.0,0.0,0.0,0.0,0.0,0.0,0.0,0.0,0.0,0.0,0.0,1.28,1.28,1.28,1.28
Bulgaria,1481.1856514738715,740,12,1.1666666666666667,1.5833333333333333,1.9166666666666667,16.000390783621143,1.0116980969356364,1.1741612923610785,1.7113234361397616,-0.5371621437786831,0.0,0.0,0.0,0.0,0.0,0.0,0.0,0.0,0.0,0.0,0.0,0.0,0.0,0.0,1.28,1.28,1.28,1.28
Madagascar,1480.8175302164377,322,12,1.4166666666666667,1.5833333333333333,1.8333333333333333,11.782292883300558,1.2638503122667113,1.4200843523493742,1.5777886869114701,-0.15770433456209576,0.0,0.0,0.0,0.0,0.0,0.0,0.0,0.0,0.0,0.0,0.0,0.0,0.0,0.0,1.28,1.28,1.28,1.28
West Papua,1480.4309385321117,2,2,0.5,1.5,4.5,0.07502689045377368,0.8936725936965819,1.1063274063034179,1.7442918441239261,-0.6379644378205083,0.0,0.0,0.0,0.0,0.0,0.0,0.0,0.0,0.0,0.0,0.0,0.0,0.0,0.0,1.28,1.28,1.28,1.28
South Ossetia,1480.0227972659052,17,12,1.1666666666666667,1.25,2.3333333333333335,0.0538009331463077,1.6621037907365837,1.6802512731823431,1.6105732478586396,0.06967802532370379,0.0,0.0,0.0,0.0,0.0,0.0,0.0,0.0,0.0,0.0,0.0,0.0,0.0,0.0,1.28,1.28,1.28,1.28
Åland Islands,1480.0203642349934,51,12,1.0833333333333333,0.8333333333333334,1.4166666666666667,0.4310253138895985,0.28027962230519654,0.5132984274769443,2.219394508865079,-1.7060960813881347,0.0,0.0,0.0,0.0,0.0,0.0,0.0,0.0,0.0,0.0,0.0,0.0,0.0,0.0,1.28,1.28,1.28,1.28
Saint Vincent and the Grenadines,1476.4045087296959,240,12,2.25,2.75,1.0833333333333333,14.080840956368249,2.0387291401001666,2.2725312216250875,1.308385471140628,0.9641457504844594,0.0,0.0,0.0,0.0,0.0,0.0,0.0,0.0,0.0,0.0,0.0,0.0,0.0,0.0,1.28,1.28,1.28,1.28
Aymara,1474.7988664151806,2,2,0.0,0.5,2.0,0.10133896638855502,0.0,0.49952524179982843,1.9990504835996568,-1.4995252417998286,0.0,0.0,0.0,0.0,0.0,0.0,0.0,0.0,0.0,0.0,0.0,0.0,0.0,0.0,1.28,1.28,1.28,1.28
French Guiana,1474.2231347438064,183,12,1.1666666666666667,1.25,1.1666666666666667,6.9625109144455335,1.717476042361605,1.3291242738114006,0.929995683234587,0.39912859057681344,0.0,0.0,0.0,0.0,0.0,0.0,0.0,0.0,0.0,0.0,0.0,0.0,0.0,0.0,1.28,1.28,1.28,1.28
Trinidad and Tobago,1473.3132501283264,757,12,0.4166666666666667,0.9166666666666666,2.3333333333333335,19.50724399365606,0.8742582998961854,1.2410704412322129,1.9270964931664198,-0.686026051934207,0.0,0.0,0.0,0.0,0.0,0.0,0.0,0.0,0.0,0.0,0.0,0.0,0.0,0.0,1.28,1.28,1.28,1.28
Hmong,1473.1158529119496,3,3,1.0,2.0,3.3333333333333335,0.3331384461932084,0.9987295733359647,1.999361180354335,3.3329098577786547,-1.3335486774243195,0.0,0.0,0.0,0.0,0.0,0.0,0.0,0.0,0.0,0.0,0.0,0.0,0.0,0.0,1.28,1.28,1.28,1.28
Papua New Guinea,1472.6476958964352,159,12,1.5833333333333333,1.5833333333333333,1.4166666666666667,9.614630092508945,1.321957769352136,1.2866103589039566,1.570278932213917,-0.2836685733099605,0.0,0.0,0.0,0.0,0.0,0.0,0.0,0.0,0.0,0.0,0.0,0.0,0.0,0.0,1.28,1.28,1.28,1.28
Kabylia,1471.485288090628,6,6,0.8333333333333334,1.3333333333333333,2.5,0.018461892519395593,0.8353321632180243,1.3400802867728459,2.4911588332145755,-1.1510785464417297,0.0,0.0,0.0,0.0,0.0,0.0,0.0,0.0,0.0,0.0,0.0,0.0,0.0,0.0,1.28,1.28,1.28,1.28
Romani people,1471.4010499489843,7,7,0.8571428571428571,1.8571428571428572,3.7142857142857144,0.0026052058309465878,0.45627558771102783,1.3310819316227231,2.887278780723893,-1.55619684910117,0.0,0.0,0.0,0.0,0.0,0.0,0.0,0.0,0.0,0.0,0.0,0.0,0.0,0.0,1.28,1.28,1.28,1.28
Comoros,1469.5787769519466,154,12,0.75,0.5,1.25,18.02942203241006,1.1709251984151037,1.0079066743819787,1.2738060365120674,-0.2658993621300889,0.0,0.0,0.0,0.0,0.0,0.0,0.0,0.0,0.0,0.0,0.0,0.0,0.0,0.0,1.28,1.28,1.28,1.28
Kyrgyzstan,1469.3930690979641,193,12,1.0833333333333333,1.5,1.5,11.11349644276801,1.2648997007065685,1.5632890240954131,1.3321948938919526,0.2310941302034609,0.0,0.0,0.0,0.0,0.0,0.0,0.0,0.0,0.0,0.0,0.0,0.0,0.0,0.0,1.28,1.28,1.28,1.28
East Turkestan,1469.2839862428068,5,5,1.2,3.0,3.2,1.2692454752778615,1.0055787407629266,2.352011543991372,3.653404752840662,-1.3013932088492899,0.0,0.0,0.0,0.0,0.0,0.0,0.0,0.0,0.0,0.0,0.0,0.0,0.0,0.0,1.28,1.28,1.28,1.28
Provence,1468.2391080742427,23,12,1.25,4.833333333333333,1.8333333333333333,0.0006584195616249458,1.3783541648833941,6.088665839014591,1.7982504673398647,4.290415371674728,0.0,0.0,0.0,0.0,0.0,0.0,0.0,0.0,0.0,0.0,0.0,0.0,0.0,0.0,1.28,1.28,1.28,1.28
Martinique,1467.847545883505,335,12,0.8333333333333334,0.6666666666666666,1.1666666666666667,9.677182264354505,0.8880298166570852,0.95621392144858,1.4927770698906633,-0.5365631484420832,0.0,0.0,0.0,0.0,0.0,0.0,0.0,0.0,0.0,0.0,0.0,0.0,0.0,0.0,1.28,1.28,1.28,1.28
El Salvador,1467.0853206861534,618,12,0.75,0.5833333333333334,1.8333333333333333,18.285371626485798,1.0458277614927998,0.8470610633475743,1.5011819865265805,-0.6541209231790063,0.0,0.0,0.0,0.0,0.0,0.0,0.0,0.0,0.0,0.0,0.0,0.0,0.0,0.0,1.28,1.28,1.28,1.28
Chechnya,1466.1395321842228,3,3,0.3333333333333333,1.0,9.666666666666666,1.3485310805046906e-06,0.28693779864103586,1.026486794170908,10.104135219418735,-9.077648425247826,0.0,0.0,0.0,0.0,0.0,0.0,0.0,0.0,0.0,0.0,0.0,0.0,0.0,0.0,1.28,1.28,1.28,1.28
Saarland,1464.6072260972446,9,9,0.5555555555555556,1.1111111111111112,2.888888888888889,2.501622151625308e-21,0.38711772483469575,1.2423434599655534,2.5928035189707597,-1.3504600590052065,0.0,0.0,0.0,0.0,0.0,0.0,0.0,0.0,0.0,0.0,0.0,0.0,0.0,0.0,1.28,1.28,1.28,1.28
Mayotte,1463.5814540367023,38,12,1.75,1.3333333333333333,0.8333333333333334,0.2666890451488342,1.1095709818226693,0.21748235187107318,0.11306556005500075,0.10441679181607243,0.0,0.0,0.0,0.0,0.0,0.0,0.0,0.0,0.0,0.0,0.0,0.0,0.0,0.0,1.28,1.28,1.28,1.28
Niger,1462.8623660024753,263,12,1.25,1.0,1.0833333333333333,14.185738821334843,1.096078251590653,1.1402460564122843,1.367872400140334,-0.22762634372804952,0.0,0.0,0.0,0.0,0.0,0.0,0.0,0.0,0.0,0.0,0.0,0.0,0.0,0.0,1.28,1.28,1.28,1.28
Rouet-Provence,1462.3791056128164,3,3,0.3333333333333333,1.0,2.6666666666666665,2.3705854715446306,0.33460015394042236,1.003800461821267,2.6691954994611913,-1.6653950376399242,0.0,0.0,0.0,0.0,0.0,0.0,0.0,0.0,0.0,0.0,0.0,0.0,0.0,0.0,1.28,1.28,1.28,1.28
Găgăuzia,1462.3518556642234,3,3,0.3333333333333333,0.6666666666666666,3.0,3.0868210421605108e-06,0.3339665444280189,0.6672994770586307,2.999365186094428,-2.3320657090357972,0.0,0.0,0.0,0.0,0.0,0.0,0.0,0.0,0.0,0.0,0.0,0.0,0.0,0.0,1.28,1.28,1.28,1.28
Guinea-Bissau,1460.1956297459276,192,12,0.9166666666666666,0.9166666666666666,1.4166666666666667,10.903672482248174,1.1411941933009113,1.030144198786528,1.2704058614028284,-0.2402616626163004,0.0,0.0,0.0,0.0,0.0,0.0,0.0,0.0,0.0,0.0,0.0,0.0,0.0,0.0,1.28,1.28,1.28,1.28
Kenya,1459.133685248631,709,12,1.3333333333333333,1.25,1.5833333333333333,13.345466064382782,1.1516529688955799,1.0586304580582817,1.2751475019678036,-0.21651704390952195,0.0,0.0,0.0,0.0,0.0,0.0,0.0,0.0,0.0,0.0,0.0,0.0,0.0,0.0,1.28,1.28,1.28,1.28
Niue,1458.5662392800978,2,2,0.0,0.0,16.5,2.040472760597097e-13,0.0,0.0,16.50474757772139,-16.50474757772139,0.0,0.0,0.0,0.0,0.0,0.0,0.0,0.0,0.0,0.0,0.0,0.0,0.0,0.0,1.28,1.28,1.28,1.28
Kuwait,1457.8277009361939,687,12,0.8333333333333334,1.5,2.0833333333333335,15.859704873497966,0.842398507705589,1.1954691661367987,1.8211677577826981,-0.6256985916458997,0.0,0.0,0.0,0.0,0.0,0.0,0.0,0.0,0.0,0.0,0.0,0.0,0.0,0.0,1.28,1.28,1.28,1.28
Bahrain,1457.0545266617112,587,12,0.5833333333333334,0.9166666666666666,2.1666666666666665,16.805010580766055,0.9376681021384284,0.997105440750143,1.7827605390919736,-0.7856550983418306,0.0,0.0,0.0,0.0,0.0,0.0,0.0,0.0,0.0,0.0,0.0,0.0,0.0,0.0,1.28,1.28,1.28,1.28
Guadeloupe,1456.3394534357253,275,12,1.4166666666666667,1.5,1.4166666666666667,9.268279363729393,1.3130064445260938,1.3966859760374144,1.471149026260751,-0.07446305022333646,0.0,0.0,0.0,0.0,0.0,0.0,0.0,0.0,0.0,0.0,0.0,0.0,0.0,0.0,1.28,1.28,1.28,1.28
Manchukuo,1455.793178748968,3,3,0.0,0.0,5.333333333333333,6.018771472628788e-26,0.0,0.0,3.9460966940108935,-3.9460966940108935,0.0,0.0,0.0,0.0,0.0,0.0,0.0,0.0,0.0,0.0,0.0,0.0,0.0,0.0,1.28,1.28,1.28,1.28
Palau,1455.051623486899,2,2,0.0,2.0,10.5,3.244242312137721e-09,0.0,2.0,14.996702250232348,-12.996702250232348,0.0,0.0,0.0,0.0,0.0,0.0,0.0,0.0,0.0,0.0,0.0,0.0,0.0,0.0,1.28,1.28,1.28,1.28
Saint Barthélemy,1454.5525274268684,10,10,1.3,2.5,3.0,0.18965707445158042,1.5132016239950485,3.40107097397912,2.0598982428759873,1.3411727311031325,0.0,0.0,0.0,0.0,0.0,0.0,0.0,0.0,0.0,0.0,0.0,0.0,0.0,0.0,1.28,1.28,1.28,1.28
Western Isles,1454.2272085901782,34,12,1.1666666666666667,1.3333333333333333,1.8333333333333333,1.3112338883370593,0.8331269991806549,1.3311227788785254,1.627373868167365,-0.2962510892888398,0.0,0.0,0.0,0.0,0.0,0.0,0.0,0.0,0.0,0.0,0.0,0.0,0.0,0.0,1.28,1.28,1.28,1.28
Lebanon,1454.0411277079704,339,12,1.75,2.3333333333333335,0.6666666666666666,11.425922160027385,1.4506886613755494,1.7931122279456326,0.969228391304809,0.8238838366408238,0.0,0.0,0.0,0.0,0.0,0.0,0.0,0.0,0.0,0.0,0.0,0.0,0.0,0.0,1.28,1.28,1.28,1.28
Mauritania,1453.8981445339255,275,12,1.0833333333333333,0.8333333333333334,1.1666666666666667,14.333536223998252,1.0563249591998063,0.8437058046235659,1.191788833036578,-0.3480830284130121,0.0,0.0,0.0,0.0,0.0,0.0,0.0,0.0,0.0,0.0,0.0,0.0,0.0,0.0,1.28,1.28,1.28,1.28
Equatorial Guinea,1451.6437100654134,181,12,0.6666666666666666,0.5,1.4166666666666667,14.548464335405285,1.1010014609531795,0.8224953946503137,1.2508075387941726,-0.4283121441438588,0.0,0.0,0.0,0.0,0.0,0.0,0.0,0.0,0.0,0.0,0.0,0.0,0.0,0.0,1.28,1.28,1.28,1.28
Monaco,1451.399701794431,24,12,0.9166666666666666,1.1666666666666667,5.333333333333333,0.00206461120305957,1.145494149843575,0.37816269204607167,1.1727719993472128,-0.794609307301141,0.0,0.0,0.0,0.0,0.0,0.0,0.0,0.0,0.0,0.0,0.0,0.0,0.0,0.0,1.28,1.28,1.28,1.28
Sudan,1449.0603045238836,471,12,0.8333333333333334,0.5833333333333334,1.75,14.390318933495063,0.9895925881319123,0.6013771057609196,1.3557770318785052,-0.7543999261175856,0.0,0.0,0.0,0.0,0.0,0.0,0.0,0.0,0.0,0.0,0.0,0.0,0.0,0.0,1.28,1.28,1.28,1.28
Estonia,1448.783110399044,554,12,1.4166666666666667,1.0,1.1666666666666667,16.558617491524654,1.1463418122317819,0.8324373522021803,1.3966565153525128,-0.5642191631503325,0.0,0.0,0.0,0.0,0.0,0.0,0.0,0.0,0.0,0.0,0.0,0.0,0.0,0.0,1.28,1.28,1.28,1.28
Cuba,1446.8626589388705,401,12,1.3333333333333333,1.5833333333333333,1.6666666666666667,13.569306296412204,1.375996826242145,1.5485767111656599,1.5901471728159287,-0.04157046165026891,0.0,0.0,0.0,0.0,0.0,0.0,0.0,0.0,0.0,0.0,0.0,0.0,0.0,0.0,1.28,1.28,1.28,1.28
Tajikistan,1445.2178701507887,207,12,1.9166666666666667,1.8333333333333333,1.25,12.464738038237916,1.581298750448164,1.5414699198947708,1.1567046372166567,0.3847652826781139,0.0,0.0,0.0,0.0,0.0,0.0,0.0,0.0,0.0,0.0,0.0,0.0,0.0,0.0,1.28,1.28,1.28,1.28
Vatican City,1443.6916424561655,8,8,0.375,0.75,2.625,0.052546994522393316,0.1292141591754554,1.9337116189953631,3.67762594044823,-1.743914321452867,0.0,0.0,0.0,0.0,0.0,0.0,0.0,0.0,0.0,0.0,0.0,0.0,0.0,0.0,1.28,1.28,1.28,1.28
Western Australia,1443.3758185857198,32,12,0.9166666666666666,1.3333333333333333,1.9166666666666667,3.057009539116452e-14,1.9830262339117999,1.4969555802762473,0.5178987154807257,0.9790568647955213,0.0,0.0,0.0,0.0,0.0,0.0,0.0,0.0,0.0,0.0,0.0,0.0,0.0,0.0,1.28,1.28,1.28,1.28
Burundi,1441.9833014341327,226,12,1.1666666666666667,1.3333333333333333,1.1666666666666667,10.898691697574382,1.0127849238563995,1.220214978799459,1.4922118998443166,-0.27199692104485756,0.0,0.0,0.0,0.0,0.0,0.0,0.0,0.0,0.0,0.0,0.0,0.0,0.0,0.0,1.28,1.28,1.28,1.28
Ambazonia,1441.2980683316491,6,6,0.16666666666666666,0.5,2.8333333333333335,6.019838175210766e-06,0.06427822947673933,0.37797461356498224,2.9357217705232603,-2.5577471569582784,0.0,0.0,0.0,0.0,0.0,0.0,0.0,0.0,0.0,0.0,0.0,0.0,0.0,0.0,1.28,1.28,1.28,1.28
Solomon Islands,1441.2229718340182,218,12,1.0,1.9166666666666667,2.6666666666666665,10.985937497472555,1.0830564931128976,1.7938018776458244,2.3072451604765116,-0.513443282830687,0.0,0.0,0.0,0.0,0.0,0.0,0.0,0.0,0.0,0.0,0.0,0.0,0.0,0.0,1.28,1.28,1.28,1.28
Western Sahara,1438.27178188812,9,9,0.7777777777777778,1.7777777777777777,4.222222222222222,0.0004608981457246137,0.6284926840853986,1.6301397205130372,5.666490250815005,-4.036350530301967,0.0,0.0,0.0,0.0,0.0,0.0,0.0,0.0,0.0,0.0,0.0,0.0,0.0,0.0,1.28,1.28,1.28,1.28
Two Sicilies,1435.8646607716132,6,6,0.5,0.5,3.0,0.20779153393692706,0.00017177998973268548,0.4995249146528859,5.001209294005578,-4.501684379352692,0.0,0.0,0.0,0.0,0.0,0.0,0.0,0.0,0.0,0.0,0.0,0.0,0.0,0.0,1.28,1.28,1.28,1.28
Orkney,1435.6440598302515,28,12,1.5833333333333333,1.8333333333333333,2.0,2.0565095811041796,2.0873317031085823,2.3493186115030884,1.749108431118711,0.600210180384377,0.0,0.0,0.0,0.0,0.0,0.0,0.0,0.0,0.0,0.0,0.0,0.0,0.0,0.0,1.28,1.28,1.28,1.28
Malawi,1429.2863506202416,646,12,1.25,1.0,1.0833333333333333,12.326431294047875,1.1412093491117976,0.961014489815659,1.2024501106882293,-0.24143562087257048,0.0,0.0,0.0,0.0,0.0,0.0,0.0,0.0,0.0,0.0,0.0,0.0,0.0,0.0,1.28,1.28,1.28,1.28
Botswana,1426.6617432123494,334,12,0.75,0.8333333333333334,1.8333333333333333,11.795182002593144,0.9284284351997883,0.9106907530893525,1.6571630081783837,-0.7464722550890311,0.0,0.0,0.0,0.0,0.0,0.0,0.0,0.0,0.0,0.0,0.0,0.0,0.0,0.0,1.28,1.28,1.28,1.28
Canton Ticino,1425.165494025753,5,5,0.6,1.2,4.2,2.581252843484858,0.9148997382013342,1.3072919670422107,2.978026908754448,-1.6707349417122375,0.0,0.0,0.0,0.0,0.0,0.0,0.0,0.0,0.0,0.0,0.0,0.0,0.0,0.0,1.28,1.28,1.28,1.28
Marshall Islands,1424.1103100357193,2,2,0.0,1.0,3.5,0.9059710454177885,0.0,1.0018990310885547,3.4990504844557226,-2.497151453367168,0.0,0.0,0.0,0.0,0.0,0.0,0.0,0.0,0.0,0.0,0.0,0.0,0.0,0.0,1.28,1.28,1.28,1.28
Vietnam Republic,1422.7514235552658,195,12,1.1666666666666667,1.0,1.6666666666666667,5.447987743503398e-15,1.0403270242758174,1.20688951632102,1.7782902000388037,-0.5714006837177836,0.0,0.0,0.0,0.0,0.0,0.0,0.0,0.0,0.0,0.0,0.0,0.0,0.0,0.0,1.28,1.28,1.28,1.28
Turkmenistan,1421.5392357158019,175,12,1.4166666666666667,1.5,1.5,4.642743709884434,1.4813557236645971,1.4389562778183744,1.3968148896563692,0.042141388162005036,0.0,0.0,0.0,0.0,0.0,0.0,0.0,0.0,0.0,0.0,0.0,0.0,0.0,0.0,1.28,1.28,1.28,1.28
Puerto Rico,1420.4971456595563,167,12,1.5833333333333333,1.25,1.25,12.205922812363333,1.7188256698937128,1.705401258687442,1.1947610206425863,0.510640238044856,0.0,0.0,0.0,0.0,0.0,0.0,0.0,0.0,0.0,0.0,0.0,0.0,0.0,0.0,1.28,1.28,1.28,1.28
Kazakhstan,1415.6001639858466,273,12,1.1666666666666667,1.3333333333333333,1.1666666666666667,16.26913433427986,0.9536991551196653,1.0769640275510195,1.6532430206892874,-0.5762789931382679,0.0,0.0,0.0,0.0,0.0,0.0,0.0,0.0,0.0,0.0,0.0,0.0,0.0,0.0,1.28,1.28,1.28,1.28
Nicaragua,1414.9238513036344,226,12,0.3333333333333333,0.6666666666666666,2.6666666666666665,15.269446818102338,0.7387422709843346,0.9708624304035218,2.083795282379914,-1.1129328519763921,0.0,0.0,0.0,0.0,0.0,0.0,0.0,0.0,0.0,0.0,0.0,0.0,0.0,0.0,1.28,1.28,1.28,1.28
Sierra Leone,1414.9081622614124,303,12,1.1666666666666667,1.0833333333333333,1.25,10.772641477570154,1.0470104000141274,1.0843061261062357,1.469115205517525,-0.38480907941128933,0.0,0.0,0.0,0.0,0.0,0.0,0.0,0.0,0.0,0.0,0.0,0.0,0.0,0.0,1.28,1.28,1.28,1.28
Namibia,1414.0634451204558,282,12,0.6666666666666666,0.5833333333333334,1.9166666666666667,12.454912073515214,0.8538686194513257,0.5644347715379724,1.5981658076638672,-1.033731036125895,0.0,0.0,0.0,0.0,0.0,0.0,0.0,0.0,0.0,0.0,0.0,0.0,0.0,0.0,1.28,1.28,1.28,1.28
Faroe Islands,1411.0453343713693,291,12,1.8333333333333333,1.4166666666666667,0.9166666666666666,15.286503296248188,1.2508699563722032,1.0627856523682773,1.149900109129584,-0.08711445676130673,0.0,0.0,0.0,0.0,0.0,0.0,0.0,0.0,0.0,0.0,0.0,0.0,0.0,0.0,1.28,1.28,1.28,1.28
Ethiopia,1408.1043033123588,413,12,1.3333333333333333,1.1666666666666667,1.0833333333333333,11.605358868652566,1.1788308596150028,0.9093706140333321,1.1294963999383183,-0.2201257859049862,0.0,0.0,0.0,0.0,0.0,0.0,0.0,0.0,0.0,0.0,0.0,0.0,0.0,0.0,1.28,1.28,1.28,1.28
Barawa,1405.8781890049272,12,12,0.75,1.3333333333333333,3.8333333333333335,0.03476061226826371,0.7664173295502275,1.2298292252632108,3.923817699573105,-2.693988474309894,0.0,0.0,0.0,0.0,0.0,0.0,0.0,0.0,0.0,0.0,0.0,0.0,0.0,0.0,1.28,1.28,1.28,1.28
Micronesia,1404.7183503944907,7,7,0.42857142857142855,1.1428571428571428,8.428571428571429,4.11748773283844e-07,0.04549652894660471,0.12042992679744717,12.512157156237425,-12.391727229439976,0.0,0.0,0.0,0.0,0.0,0.0,0.0,0.0,0.0,0.0,0.0,0.0,0.0,0.0,1.28,1.28,1.28,1.28
Yemen DPR,1404.071846417153,25,12,0.5,0.8333333333333334,2.8333333333333335,3.435280386601767e-11,0.755858108303064,0.8498184455778869,2.4314896439007287,-1.581671198322842,0.0,0.0,0.0,0.0,0.0,0.0,0.0,0.0,0.0,0.0,0.0,0.0,0.0,0.0,1.28,1.28,1.28,1.28
Sark,1399.980674156931,4,4,0.0,0.0,17.5,3.9193805157821357e-07,0.0,0.0,17.495012003509565,-17.495012003509565,0.0,0.0,0.0,0.0,0.0,0.0,0.0,0.0,0.0,0.0,0.0,0.0,0.0,0.0,1.28,1.28,1.28,1.28
Raetia,1398.7960160874895,29,12,0.9166666666666666,2.5,3.0,2.776713820507493,0.5620326866610231,2.0135986932132686,3.4097386871180793,-1.3961399939048105,0.0,0.0,0.0,0.0,0.0,0.0,0.0,0.0,0.0,0.0,0.0,0.0,0.0,0.0,1.28,1.28,1.28,1.28
Hong Kong,1398.634063741575,450,12,1.9166666666666667,2.25,0.9166666666666666,14.910676999861408,1.7758813292362938,1.858397729182714,0.9123450894782448,0.9460526397044694,0.0,0.0,0.0,0.0,0.0,0.0,0.0,0.0,0.0,0.0,0.0,0.0,0.0,0.0,1.28,1.28,1.28,1.28
Liberia,1396.2521483072244,304,12,1.0,1.1666666666666667,1.5833333333333333,11.900210018762444,0.8454104280412372,0.9710733884140165,1.5753266307500609,-0.6042532423360446,0.0,0.0,0.0,0.0,0.0,0.0,0.0,0.0,0.0,0.0,0.0,0.0,0.0,0.0,1.28,1.28,1.28,1.28
Hitra,1395.8198205164654,23,12,1.3333333333333333,2.3333333333333335,2.9166666666666665,1.7345130225925471,1.4954737572694263,3.228352236097841,2.5114236835116905,0.71692855258615,0.0,0.0,0.0,0.0,0.0,0.0,0.0,0.0,0.0,0.0,0.0,0.0,0.0,0.0,1.28,1.28,1.28,1.28
Chagos Islands,1391.1917158773147,16,12,0.3333333333333333,1.3333333333333333,5.75,0.03257304688108017,0.11930045001403813,1.2878571929691571,6.241579990493341,-4.9537227975241835,0.0,0.0,0.0,0.0,0.0,0.0,0.0,0.0,0.0,0.0,0.0,0.0,0.0,0.0,1.28,1.28,1.28,1.28
Tanzania,1388.812319986229,601,12,0.5,1.0833333333333333,1.4166666666666667,14.30076477038257,0.8020620392630426,0.865584861510923,1.18195285689642,-0.31636799538549715,0.0,0.0,0.0,0.0,0.0,0.0,0.0,0.0,0.0,0.0,0.0,0.0,0.0,0.0,1.28,1.28,1.28,1.28
Saint Helena,1387.9123151741296,8,8,0.0,0.75,5.125,0.4480432511260679,0.0,0.5299715023571703,4.347683487212705,-3.817711984855534,0.0,0.0,0.0,0.0,0.0,0.0,0.0,0.0,0.0,0.0,0.0,0.0,0.0,0.0,1.28,1.28,1.28,1.28
Azerbaijan,1386.5929407299602,314,12,1.25,1.1666666666666667,1.3333333333333333,15.892391721644877,1.1370984463562448,0.9758671284233459,1.5231450779380853,-0.5472779495147394,0.0,0.0,0.0,0.0,0.0,0.0,0.0,0.0,0.0,0.0,0.0,0.0,0.0,0.0,1.28,1.28,1.28,1.28
Cyprus,1383.7456756914326,429,12,1.5,1.5833333333333333,1.25,15.98164078119671,1.2441334279563954,1.2658008315474094,1.5242605344788118,-0.2584597029314025,0.0,0.0,0.0,0.0,0.0,0.0,0.0,0.0,0.0,0.0,0.0,0.0,0.0,0.0,1.28,1.28,1.28,1.28
Armenia,1379.6460991895592,276,12,0.75,0.8333333333333334,1.9166666666666667,15.264070850161142,0.763240198674973,0.961007521265004,2.0575743658247463,-1.0965668445597425,0.0,0.0,0.0,0.0,0.0,0.0,0.0,0.0,0.0,0.0,0.0,0.0,0.0,0.0,1.28,1.28,1.28,1.28
Luxembourg,1377.2048181050263,471,12,0.5,0.3333333333333333,1.75,14.532190945462862,0.7428438697534742,0.5137115564615036,1.5792234969427936,-1.0655119404812903,0.0,0.0,0.0,0.0,0.0,0.0,0.0,0.0,0.0,0.0,0.0,0.0,0.0,0.0,1.28,1.28,1.28,1.28
Lesotho,1376.1458797181124,300,12,0.8333333333333334,0.5833333333333334,1.4166666666666667,12.493678261497873,0.8962541368599481,0.6750557759450997,1.4197489954862927,-0.7446932195411932,0.0,0.0,0.0,0.0,0.0,0.0,0.0,0.0,0.0,0.0,0.0,0.0,0.0,0.0,1.28,1.28,1.28,1.28
Saare County,1373.366722537729,35,12,1.0,1.75,2.25,0.008140526660292345,1.1500385783819986,2.0422783619633966,2.0546229735145287,-0.012344611551132161,0.0,0.0,0.0,0.0,0.0,0.0,0.0,0.0,0.0,0.0,0.0,0.0,0.0,0.0,1.28,1.28,1.28,1.28
Saint Martin,1368.4946125177123,72,12,1.75,2.5833333333333335,1.4166666666666667,9.82436048278682,1.8508250758559932,3.010868636125089,1.1630065573879769,1.8478620787371118,0.0,0.0,0.0,0.0,0.0,0.0,0.0,0.0,0.0,0.0,0.0,0.0,0.0,0.0,1.28,1.28,1.28,1.28
Yemen,1368.265689628811,269,12,1.5,2.5833333333333335,1.4166666666666667,9.105891303972596,1.326959100881584,2.177149796897893,1.6068221835629537,0.5703276133349394,0.0,0.0,0.0,0.0,0.0,0.0,0.0,0.0,0.0,0.0,0.0,0.0,0.0,0.0,1.28,1.28,1.28,1.28
Saint Kitts and Nevis,1367.0823172334021,230,12,1.5,2.25,2.3333333333333335,13.468498542527097,1.554900230300249,1.9402694766791744,2.034866506110024,-0.09459702943084987,0.0,0.0,0.0,0.0,0.0,0.0,0.0,0.0,0.0,0.0,0.0,0.0,0.0,0.0,1.28,1.28,1.28,1.28
Singapore,1364.9617470670275,706,12,1.6666666666666667,1.3333333333333333,1.4166666666666667,19.798278831440484,1.4294224688064952,1.321835084762503,1.6131548846308787,-0.2913197998683754,0.0,0.0,0.0,0.0,0.0,0.0,0.0,0.0,0.0,0.0,0.0,0.0,0.0,0.0,1.28,1.28,1.28,1.28
Saint Pierre and Miquelon,1363.1407350584698,7,7,0.0,0.2857142857142857,11.142857142857142,0.0002822287389857486,0.0,0.42277833842774404,12.004512234856081,-11.581733896428336,0.0,0.0,0.0,0.0,0.0,0.0,0.0,0.0,0.0,0.0,0.0,0.0,0.0,0.0,1.28,1.28,1.28,1.28
Philippines,1359.2443607908483,350,12,1.8333333333333333,2.3333333333333335,1.25,16.198263523902224,1.4352446256979021,1.8080380729193728,1.4342849997832496,0.3737530731361231,0.0,0.0,0.0,0.0,0.0,0.0,0.0,0.0,0.0,0.0,0.0,0.0,0.0,0.0,1.28,1.28,1.28,1.28
Congo,1358.2880857812074,408,12,0.5,0.5833333333333334,2.0833333333333335,6.553511417744061,0.5362020865797013,0.6806186914685792,1.7183363188424683,-1.037717627373889,0.0,0.0,0.0,0.0,0.0,0.0,0.0,0.0,0.0,0.0,0.0,0.0,0.0,0.0,1.28,1.28,1.28,1.28
Darfur,1353.8764913204354,7,7,0.0,0.14285714285714285,14.142857142857142,0.0009111626772013153,0.0,0.05293176968809066,14.823013282614651,-14.770081512926561,0.0,0.0,0.0,0.0,0.0,0.0,0.0,0.0,0.0,0.0,0.0,0.0,0.0,0.0,1.28,1.28,1.28,1.28
Wallis Islands and Futuna,1352.7193235732275,24,12,0.5,1.0833333333333333,5.333333333333333,1.819400034757402e-09,0.04928060939241188,0.5430092340120543,8.798630374648504,-8.25562114063645,0.0,0.0,0.0,0.0,0.0,0.0,0.0,0.0,0.0,0.0,0.0,0.0,0.0,0.0,1.28,1.28,1.28,1.28
Saint Lucia,1346.7530751421334,234,12,1.0,1.1666666666666667,2.75,9.996847106612458,1.5144664431847976,1.5514077497064855,1.972652430897456,-0.4212446811909703,0.0,0.0,0.0,0.0,0.0,0.0,0.0,0.0,0.0,0.0,0.0,0.0,0.0,0.0,1.28,1.28,1.28,1.28
Central African Republic,1345.3063063057853,140,12,0.6666666666666666,0.6666666666666666,2.0833333333333335,10.079825766108296,0.7107900145264948,0.9034780056468588,2.0545821110558142,-1.1511041054089555,0.0,0.0,0.0,0.0,0.0,0.0,0.0,0.0,0.0,0.0,0.0,0.0,0.0,0.0,1.28,1.28,1.28,1.28
Montserrat,1345.1716242680186,70,12,1.5,1.25,1.1666666666666667,7.925203022908644,1.9536701018430662,1.7904676902823122,1.1130146670817942,0.677453023200518,0.0,0.0,0.0,0.0,0.0,0.0,0.0,0.0,0.0,0.0,0.0,0.0,0.0,0.0,1.28,1.28,1.28,1.28
Malta,1342.7861792597082,462,12,1.6666666666666667,1.4166666666666667,1.4166666666666667,14.291425892399323,1.4644066080089566,1.0833624412382956,1.483312987610386,-0.3999505463720905,0.0,0.0,0.0,0.0,0.0,0.0,0.0,0.0,0.0,0.0,0.0,0.0,0.0,0.0,1.28,1.28,1.28,1.28
Kiribati,1333.0699054717984,11,11,0.09090909090909091,0.6363636363636364,11.454545454545455,0.00011396685759329506,5.7457645095757276e-11,0.5018801637104995,11.512894587096712,-11.01101442338621,0.0,0.0,0.0,0.0,0.0,0.0,0.0,0.0,0.0,0.0,0.0,0.0,0.0,0.0,1.28,1.28,1.28,1.28
Eritrea,1329.9000748209164,75,12,0.5833333333333334,0.5833333333333334,2.0833333333333335,3.3752777735006347,1.525266781733833,1.1161067370598814,1.972131069697336,-0.8560243326374545,0.0,0.0,0.0,0.0,0.0,0.0,0.0,0.0,0.0,0.0,0.0,0.0,0.0,0.0,1.28,1.28,1.28,1.28
Lithuania,1317.9697840994022,434,12,1.0,0.8333333333333334,1.1666666666666667,16.00705250034115,0.9255999203462111,0.8886559944233208,1.3152193223044395,-0.42656332788111867,0.0,0.0,0.0,0.0,0.0,0.0,0.0,0.0,0.0,0.0,0.0,0.0,0.0,0.0,1.28,1.28,1.28,1.28
Samoa,1317.7575544672527,71,12,1.25,1.3333333333333333,2.6666666666666665,2.79135116721314,1.1807485016584234,1.5734959384538905,2.7164619813981847,-1.1429660429442943,0.0,0.0,0.0,0.0,0.0,0.0,0.0,0.0,0.0,0.0,0.0,0.0,0.0,0.0,1.28,1.28,1.28,1.28
Tibet,1317.4212944194082,21,12,0.4166666666666667,2.3333333333333335,5.416666666666667,1.1267184152533016,0.05242571611479157,2.1346234233783874,4.6943635392261704,-2.5597401158477826,0.0,0.0,0.0,0.0,0.0,0.0,0.0,0.0,0.0,0.0,0.0,0.0,0.0,0.0,1.28,1.28,1.28,1.28
India,1315.7613022700289,540,12,0.25,0.5,2.0833333333333335,13.836069070464092,0.6516128949315225,0.6934426241305264,1.7851673532519785,-1.0917247291214522,0.0,0.0,0.0,0.0,0.0,0.0,0.0,0.0,0.0,0.0,0.0,0.0,0.0,0.0,1.28,1.28,1.28,1.28
Moldova,1315.0446009731947,304,12,0.5833333333333334,0.9166666666666666,2.0833333333333335,15.917070953252896,0.7761079327204723,0.8809234635270593,2.2686589790053344,-1.3877355154782751,0.0,0.0,0.0,0.0,0.0,0.0,0.0,0.0,0.0,0.0,0.0,0.0,0.0,0.0,1.28,1.28,1.28,1.28
Belize,1301.280478010845,125,12,0.75,1.0,2.3333333333333335,11.598757067142897,1.0405832775600456,1.067802880092421,1.671987731137591,-0.6041848510451698,0.0,0.0,0.0,0.0,0.0,0.0,0.0,0.0,0.0,0.0,0.0,0.0,0.0,0.0,1.28,1.28,1.28,1.28
Barbados,1299.5419043391596,306,12,1.3333333333333333,1.5,1.5,11.555786604625427,1.4099027268435993,1.8786785420797794,1.9032841941912846,-0.024605652111505096,0.0,0.0,0.0,0.0,0.0,0.0,0.0,0.0,0.0,0.0,0.0,0.0,0.0,0.0,1.28,1.28,1.28,1.28
Tuvalu,1297.2439565462073,39,12,0.5833333333333334,1.1666666666666667,5.333333333333333,0.6068274715140676,1.3985019440835527,1.8851869611038503,2.9217733710409273,-1.0365864099370767,0.0,0.0,0.0,0.0,0.0,0.0,0.0,0.0,0.0,0.0,0.0,0.0,0.0,0.0,1.28,1.28,1.28,1.28
Falkland Islands,1292.9884110534501,33,12,0.3333333333333333,0.75,3.0833333333333335,0.4314279325339601,0.2504933118882753,0.752068539210192,3.2468933063163936,-2.494824767106202,0.0,0.0,0.0,0.0,0.0,0.0,0.0,0.0,0.0,0.0,0.0,0.0,0.0,0.0,1.28,1.28,1.28,1.28
Sint Maarten,1290.9615163836334,64,12,1.1666666666666667,1.0833333333333333,2.1666666666666665,9.326948878860264,0.9426459858178118,1.0421755689050185,2.1932774048650883,-1.1511018359600695,0.0,0.0,0.0,0.0,0.0,0.0,0.0,0.0,0.0,0.0,0.0,0.0,0.0,0.0,1.28,1.28,1.28,1.28
Eswatini,1284.4359830918158,276,12,0.4166666666666667,0.6666666666666666,2.3333333333333335,8.378543012708803,0.5096664492671962,0.7027785008069714,1.8377035669695392,-1.1349250661625678,0.0,0.0,0.0,0.0,0.0,0.0,0.0,0.0,0.0,0.0,0.0,0.0,0.0,0.0,1.28,1.28,1.28,1.28
Aruba,1284.401320714064,156,12,1.9166666666666667,1.8333333333333333,1.5,11.358897465367221,1.6432353916310434,1.769848764374351,1.693178861755075,0.07666990261927611,0.0,0.0,0.0,0.0,0.0,0.0,0.0,0.0,0.0,0.0,0.0,0.0,0.0,0.0,1.28,1.28,1.28,1.28
Bermuda,1279.7561838248325,202,12,0.3333333333333333,1.0,3.1666666666666665,13.55487882940722,0.7698931284788225,1.4519144640003439,2.71356829389436,-1.261653829894016,0.0,0.0,0.0,0.0,0.0,0.0,0.0,0.0,0.0,0.0,0.0,0.0,0.0,0.0,1.28,1.28,1.28,1.28
Latvia,1276.9315051918657,465,12,0.3333333333333333,0.5,1.5833333333333333,14.63578030423808,0.581332142702472,0.6073599651649395,1.5184851788730551,-0.9111252137081155,0.0,0.0,0.0,0.0,0.0,0.0,0.0,0.0,0.0,0.0,0.0,0.0,0.0,0.0,1.28,1.28,1.28,1.28
South Sudan,1266.364109469839,82,12,0.5,0.5833333333333334,2.0,10.18353616425401,0.5820186399327487,0.7236814969966059,1.9969975928688841,-1.2733160958722782,0.0,0.0,0.0,0.0,0.0,0.0,0.0,0.0,0.0,0.0,0.0,0.0,0.0,0.0,1.28,1.28,1.28,1.28
Cook Islands,1263.1857038075257,55,12,0.75,0.75,3.1666666666666665,3.378519057889285,1.1549001870324687,1.4065922828162511,2.7657128954505588,-1.3591206126343074,0.0,0.0,0.0,0.0,0.0,0.0,0.0,0.0,0.0,0.0,0.0,0.0,0.0,0.0,1.28,1.28,1.28,1.28
Frøya,1261.0880294365581,37,12,0.3333333333333333,1.1666666666666667,4.333333333333333,2.031903952235663,0.15754825319391552,0.528488945622949,4.999700733205574,-4.471211787582625,0.0,0.0,0.0,0.0,0.0,0.0,0.0,0.0,0.0,0.0,0.0,0.0,0.0,0.0,1.28,1.28,1.28,1.28
Grenada,1250.473845336575,264,12,1.25,1.5833333333333333,2.3333333333333335,13.321669746405371,0.9756704738433297,1.1645506979929077,2.377265637296643,-1.2127149393037353,0.0,0.0,0.0,0.0,0.0,0.0,0.0,0.0,0.0,0.0,0.0,0.0,0.0,0.0,1.28,1.28,1.28,1.28
Chad,1241.4421109648592,140,12,0.25,0.6666666666666666,2.4166666666666665,8.80053740735926,0.37451145517936457,0.5714036144922441,2.18038358128064,-1.6089799667883964,0.0,0.0,0.0,0.0,0.0,0.0,0.0,0.0,0.0,0.0,0.0,0.0,0.0,0.0,1.28,1.28,1.28,1.28
Myanmar,1233.426282802654,520,12,1.0,1.8333333333333333,2.5,16.303675140723346,1.0675573565996224,1.546504091898204,2.266971846379295,-0.7204677544810904,0.0,0.0,0.0,0.0,0.0,0.0,0.0,0.0,0.0,0.0,0.0,0.0,0.0,0.0,1.28,1.28,1.28,1.28
Mauritius,1232.9615840148226,331,12,0.5833333333333334,0.6666666666666666,1.3333333333333333,9.374556028861484,0.8809291704450068,0.8418217680993643,1.1518702519123252,-0.3100484838129611,0.0,0.0,0.0,0.0,0.0,0.0,0.0,0.0,0.0,0.0,0.0,0.0,0.0,0.0,1.28,1.28,1.28,1.28
Antigua and Barbuda,1228.4078508893276,235,12,0.9166666666666666,1.0833333333333333,1.8333333333333333,9.167235927892216,1.2284343874228196,1.513594537530803,1.5981832254034605,-0.08458868787265762,0.0,0.0,0.0,0.0,0.0,0.0,0.0,0.0,0.0,0.0,0.0,0.0,0.0,0.0,1.28,1.28,1.28,1.28
Afghanistan,1225.498203200252,147,12,0.5,0.3333333333333333,1.3333333333333333,7.183617485466215,0.783406260386918,0.48098940131805695,1.4629822078418089,-0.981992806523752,0.0,0.0,0.0,0.0,0.0,0.0,0.0,0.0,0.0,0.0,0.0,0.0,0.0,0.0,1.28,1.28,1.28,1.28
Bonaire,1222.8710704670696,48,12,0.5,1.1666666666666667,2.4166666666666665,10.185207023086134,0.7452920085683095,1.3110891808034177,2.060760575601444,-0.7496713947980265,0.0,0.0,0.0,0.0,0.0,0.0,0.0,0.0,0.0,0.0,0.0,0.0,0.0,0.0,1.28,1.28,1.28,1.28
São Tomé and Príncipe,1208.7239445222615,74,12,0.4166666666666667,0.4166666666666667,2.0,6.736294144618367,0.4483338719933916,0.3894927948460824,2.118689419172031,-1.7291966243259487,0.0,0.0,0.0,0.0,0.0,0.0,0.0,0.0,0.0,0.0,0.0,0.0,0.0,0.0,1.28,1.28,1.28,1.28
Gibraltar,1202.689952521682,163,12,1.0,1.0,1.4166666666666667,14.530886485042297,0.9708935777593963,0.8731403249888436,1.7697771068307169,-0.8966367818418731,0.0,0.0,0.0,0.0,0.0,0.0,0.0,0.0,0.0,0.0,0.0,0.0,0.0,0.0,1.28,1.28,1.28,1.28
Tonga,1201.2624563412835,68,12,0.5,1.25,4.25,1.3982122844185394,0.8039611722973689,1.49890522002136,2.7438675912675063,-1.2449623712461464,0.0,0.0,0.0,0.0,0.0,0.0,0.0,0.0,0.0,0.0,0.0,0.0,0.0,0.0,1.28,1.28,1.28,1.28
Dominica,1187.8645311077566,220,12,0.75,0.75,2.25,11.869565209995956,0.7886230449772141,0.779599280599638,2.38576397339083,-1.606164692791192,0.0,0.0,0.0,0.0,0.0,0.0,0.0,0.0,0.0,0.0,0.0,0.0,0.0,0.0,1.28,1.28,1.28,1.28
Pakistan,1183.6235043880436,258,12,1.0,1.0,1.8333333333333333,9.710987967771837,0.997201129821518,1.0734837542667164,2.0901925264133885,-1.016708772146672,0.0,0.0,0.0,0.0,0.0,0.0,0.0,0.0,0.0,0.0,0.0,0.0,0.0,0.0,1.28,1.28,1.28,1.28
Bangladesh,1182.833214557657,317,12,1.0,1.1666666666666667,2.1666666666666665,12.419540222110326,0.9306595877978692,0.9163434653068465,2.158686238924749,-1.2423427736179025,0.0,0.0,0.0,0.0,0.0,0.0,0.0,0.0,0.0,0.0,0.0,0.0,0.0,0.0,1.28,1.28,1.28,1.28
Nepal,1180.926241229126,274,12,0.8333333333333334,0.75,1.4166666666666667,7.706353168679836,0.7921329567504312,0.6424808065852005,1.6059870136955137,-0.9635062071103133,0.0,0.0,0.0,0.0,0.0,0.0,0.0,0.0,0.0,0.0,0.0,0.0,0.0,0.0,1.28,1.28,1.28,1.28
Cambodia,1169.796828978997,304,12,1.1666666666666667,1.5,1.5833333333333333,14.18653314861225,1.1632684504642787,1.4522997935117414,1.6848535050023892,-0.23255371149064763,0.0,0.0,0.0,0.0,0.0,0.0,0.0,0.0,0.0,0.0,0.0,0.0,0.0,0.0,1.28,1.28,1.28,1.28
Taiwan,1164.9368416659029,246,12,0.5,1.25,2.9166666666666665,5.902091570408573,0.5574027647072056,1.1543344808223883,2.8440315698101055,-1.689697088987717,0.0,0.0,0.0,0.0,0.0,0.0,0.0,0.0,0.0,0.0,0.0,0.0,0.0,0.0,1.28,1.28,1.28,1.28
Sri Lanka,1150.5060274298605,258,12,1.5833333333333333,1.1666666666666667,1.3333333333333333,11.044827424966101,1.5304577915480844,1.1206791903691764,1.254585327573879,-0.13390613720470268,0.0,0.0,0.0,0.0,0.0,0.0,0.0,0.0,0.0,0.0,0.0,0.0,0.0,0.0,1.28,1.28,1.28,1.28
Northern Mariana Islands,1148.3302092518165,30,12,0.6666666666666666,0.9166666666666666,4.333333333333333,0.9157602304593407,1.2283767829894545,1.5304244511828677,3.480651859801313,-1.9502274086184457,0.0,0.0,0.0,0.0,0.0,0.0,0.0,0.0,0.0,0.0,0.0,0.0,0.0,0.0,1.28,1.28,1.28,1.28
Turks and Caicos Islands,1145.6279088179435,56,12,1.25,1.1666666666666667,1.6666666666666667,7.28093856574422,1.355680326457461,1.470295510884745,1.786582774347507,-0.316287263462762,0.0,0.0,0.0,0.0,0.0,0.0,0.0,0.0,0.0,0.0,0.0,0.0,0.0,0.0,1.28,1.28,1.28,1.28
Somalia,1142.1964157864072,128,12,0.5833333333333334,0.25,1.3333333333333333,8.516465340977236,0.4819659266410026,0.3552115522550566,1.5144846875974054,-1.1592731353423489,0.0,0.0,0.0,0.0,0.0,0.0,0.0,0.0,0.0,0.0,0.0,0.0,0.0,0.0,1.28,1.28,1.28,1.28
Cayman Islands,1140.218188643789,123,12,0.6666666666666666,0.6666666666666666,1.6666666666666667,10.809442002893979,0.7782524662230651,0.6561254757448307,1.7949236738432326,-1.1387981980984017,0.0,0.0,0.0,0.0,0.0,0.0,0.0,0.0,0.0,0.0,0.0,0.0,0.0,0.0,1.28,1.28,1.28,1.28
United States Virgin Islands,1135.522552387872,81,12,1.25,1.5833333333333333,2.0833333333333335,7.609430915763567,1.4087927943382643,1.6711844326753664,2.011900360285052,-0.3407159276096851,0.0,0.0,0.0,0.0,0.0,0.0,0.0,0.0,0.0,0.0,0.0,0.0,0.0,0.0,1.28,1.28,1.28,1.28
Djibouti,1134.1105421274194,113,12,0.4166666666666667,0.5,2.5833333333333335,6.309850093341017,0.5290725188088189,0.524794889599651,2.614907773033505,-2.0901128834338536,0.0,0.0,0.0,0.0,0.0,0.0,0.0,0.0,0.0,0.0,0.0,0.0,0.0,0.0,1.28,1.28,1.28,1.28
Alderney,1131.8020956713387,135,12,0.5,0.8333333333333334,3.0833333333333335,0.12750121786169472,0.18834550902333203,0.6552268958248174,3.725149509426061,-3.0699226136012436,0.0,0.0,0.0,0.0,0.0,0.0,0.0,0.0,0.0,0.0,0.0,0.0,0.0,0.0,1.28,1.28,1.28,1.28
Andorra,1127.0220280441883,233,12,0.4166666666666667,0.3333333333333333,1.6666666666666667,16.75607177181709,0.44452770988184054,0.3458534954227114,1.5959484403485193,-1.2500949449258079,0.0,0.0,0.0,0.0,0.0,0.0,0.0,0.0,0.0,0.0,0.0,0.0,0.0,0.0,1.28,1.28,1.28,1.28
Mongolia,1103.210269586988,106,12,0.5,0.4166666666666667,2.1666666666666665,4.412183679315111,0.40372941029237164,0.33396518638242767,2.4289953908837036,-2.095030204501276,0.0,0.0,0.0,0.0,0.0,0.0,0.0,0.0,0.0,0.0,0.0,0.0,0.0,0.0,1.28,1.28,1.28,1.28
Guam,1098.1901739931827,123,12,0.5833333333333334,1.25,2.5833333333333335,4.361643817745896,0.7232845229021773,1.6231277674211253,3.414191050970243,-1.7910632835491176,0.0,0.0,0.0,0.0,0.0,0.0,0.0,0.0,0.0,0.0,0.0,0.0,0.0,0.0,1.28,1.28,1.28,1.28
Maldives,1085.6171474219018,236,12,0.3333333333333333,0.4166666666666667,2.5,10.565622368447167,0.4180895399005108,0.4583299786126551,2.652935827171495,-2.19460584855884,0.0,0.0,0.0,0.0,0.0,0.0,0.0,0.0,0.0,0.0,0.0,0.0,0.0,0.0,1.28,1.28,1.28,1.28
British Virgin Islands,1069.1937337842069,127,12,1.0833333333333333,1.3333333333333333,1.8333333333333333,12.2990205010604,0.8005543911957459,0.9604785634695154,2.0005063781828754,-1.0400278147133597,0.0,0.0,0.0,0.0,0.0,0.0,0.0,0.0,0.0,0.0,0.0,0.0,0.0,0.0,1.28,1.28,1.28,1.28
American Samoa,1047.2222580835744,55,12,0.08333333333333333,0.5,6.666666666666667,2.2050671703174762,0.004298669103003778,0.7592351312479683,5.704974782613783,-4.945739651365814,0.0,0.0,0.0,0.0,0.0,0.0,0.0,0.0,0.0,0.0,0.0,0.0,0.0,0.0,1.28,1.28,1.28,1.28
Seychelles,1046.674571619886,183,12,0.08333333333333333,0.25,3.8333333333333335,8.08731246436951,0.16656770149673886,0.2219845917417285,3.284960166106573,-3.0629755743648444,0.0,0.0,0.0,0.0,0.0,0.0,0.0,0.0,0.0,0.0,0.0,0.0,0.0,0.0,1.28,1.28,1.28,1.28
Laos,1039.9892709136063,232,12,0.5,0.8333333333333334,3.5833333333333335,11.041452573763308,0.5209112266378271,0.9652119822085475,3.3922861248283556,-2.4270741426198077,0.0,0.0,0.0,0.0,0.0,0.0,0.0,0.0,0.0,0.0,0.0,0.0,0.0,0.0,1.28,1.28,1.28,1.28
Liechtenstein,1025.1042682762084,263,12,0.3333333333333333,0.25,2.3333333333333335,15.867051384974308,0.3075394789471976,0.21677673771393113,2.4089073958275953,-2.1921306581136637,0.0,0.0,0.0,0.0,0.0,0.0,0.0,0.0,0.0,0.0,0.0,0.0,0.0,0.0,1.28,1.28,1.28,1.28
Bahamas,1015.3674596628451,70,12,0.25,0.8333333333333334,4.416666666666667,8.864185456065348,0.18288187037277007,0.701986993707199,4.309381866848757,-3.6073948731415584,0.0,0.0,0.0,0.0,0.0,0.0,0.0,0.0,0.0,0.0,0.0,0.0,0.0,0.0,1.28,1.28,1.28,1.28
Timor-Leste,1000.2071638705653,92,12,0.3333333333333333,0.4166666666666667,3.0,10.94569101208361,0.3768474823572283,0.5283041940050376,3.030134517016587,-2.5018303230115495,0.0,0.0,0.0,0.0,0.0,0.0,0.0,0.0,0.0,0.0,0.0,0.0,0.0,0.0,1.28,1.28,1.28,1.28
Brunei,999.3512002342211,139,12,0.5833333333333334,0.4166666666666667,2.4166666666666665,7.695885439232503,0.6513140037448774,0.6023239505470759,2.754301575421432,-2.1519776248743563,0.0,0.0,0.0,0.0,0.0,0.0,0.0,0.0,0.0,0.0,0.0,0.0,0.0,0.0,1.28,1.28,1.28,1.28
Macau,978.4138722702091,148,12,0.08333333333333333,0.25,2.5833333333333335,3.219731810103122,0.05597329952097017,0.35903192577978027,3.3403588187017803,-2.9813268929220005,0.0,0.0,0.0,0.0,0.0,0.0,0.0,0.0,0.0,0.0,0.0,0.0,0.0,0.0,1.28,1.28,1.28,1.28
Anguilla,972.9022778208486,96,12,0.5,0.5833333333333334,2.9166666666666665,11.58863671035988,0.41865414699678144,0.6024808693603042,2.85362867022042,-2.251147800860116,0.0,0.0,0.0,0.0,0.0,0.0,0.0,0.0,0.0,0.0,0.0,0.0,0.0,0.0,1.28,1.28,1.28,1.28
Bhutan,966.1566633572494,110,12,0.5833333333333334,0.4166666666666667,2.5,5.215554731708246,0.36490637443663265,0.37509789397339394,2.8995827006034496,-2.524484806630056,0.0,0.0,0.0,0.0,0.0,0.0,0.0,0.0,0.0,0.0,0.0,0.0,0.0,0.0,1.28,1.28,1.28,1.28
San Marino,955.5977996648485,229,12,0.08333333333333333,0.4166666666666667,3.6666666666666665,15.948613617084499,0.17697159043036595,0.4333522255123744,3.1821716563467515,-2.7488194308343767,0.0,0.0,0.0,0.0,0.0,0.0,0.0,0.0,0.0,0.0,0.0,0.0,0.0,0.0,1.28,1.28,1.28,1.28
