team,rating,matches,recent_matches,recent_points_per_match,recent_goals_for,recent_goals_against,recent_result_weight,weighted_recent_points_per_match,weighted_recent_goals_for,weighted_recent_goals_against,weighted_recent_goal_diff,report_matches,xg_for_2026,xg_against_2026,attempts_for_2026,attempts_against_2026,on_target_for_2026,on_target_against_2026,possession_pct_2026,statsbomb_matches,statsbomb_xg_for,statsbomb_xg_against,statsbomb_shots_for,statsbomb_shots_against,statsbomb_on_target_for,xg_for_2026_shrunk,xg_against_2026_shrunk,statsbomb_xg_for_shrunk,statsbomb_xg_against_shrunk
Argentina,2094.33561120701,1071,12,2.5833333333333335,2.5,0.25,18.170383323526785,2.581783334738896,2.313941909436731,0.3408295906005827,1.9731123188361483,2.0,2.015,0.52,11.0,6.5,5.5,1.0,46.400000000000006,6.0,2.6735153450333335,1.2478763603,14.666666666666666,10.166666666666666,6.166666666666667,1.5250000000000001,1.0266666666666668,1.877220862157143,1.2662327258428572
Spain,2070.5901880767237,785,12,2.3333333333333335,2.6666666666666665,0.3333333333333333,18.911055425609376,2.2723082760836975,2.5056680692564144,0.7330119305591147,1.7726561386972999,2.0,2.73,0.12,24.5,4.5,7.5,1.5,64.45,6.0,1.4996004508666665,0.6609747101666666,18.666666666666668,9.833333333333334,6.333333333333333,1.7633333333333332,0.8933333333333333,1.374114478942857,1.0147034472142857
France,2034.2331974637775,937,12,2.5833333333333335,2.5833333333333335,0.8333333333333334,18.790270832840896,2.2331102849670814,2.2912504263769624,0.9355036785428144,1.3557467478341483,2.0,1.96,0.5449999999999999,15.0,5.0,6.5,1.0,49.2,6.0,2.018680707016667,1.332187203,16.833333333333332,9.0,4.833333333333333,1.5066666666666666,1.035,1.5965774458642858,1.3023659441428572
Brazil,1987.4047432375835,1061,12,1.9166666666666667,2.4166666666666665,1.0,17.9458993262141,1.8974023497237826,2.0422569738503418,0.9717263262869024,1.070530647563439,2.0,1.205,0.795,9.5,10.5,4.5,3.0,47.85,4.0,2.3711435895,1.69468645685,13.75,11.75,4.5,1.2550000000000001,1.1183333333333334,1.6437145298333333,1.41822881895
Colombia,1983.0822578350405,640,12,2.3333333333333335,2.4166666666666665,0.9166666666666666,18.503454382768716,2.019909146810906,1.9494210175336648,0.9015725377568126,1.0478484797768524,2.0,1.365,0.765,17.5,7.5,6.5,1.5,57.6,6.0,1.5586429078500001,0.6243214844666667,13.166666666666666,9.833333333333334,4.5,1.3083333333333333,1.1083333333333334,1.3994183890785714,0.9989949219142857
England,1979.5063474290414,1092,12,2.4166666666666665,2.3333333333333335,0.3333333333333333,18.976018981985842,2.1908499488279762,2.072113267172615,0.5619075414185599,1.510205725754055,2.0,2.555,0.58,20.5,6.0,7.0,2.5,60.7,7.0,1.4988530852857143,1.319255839571429,11.571428571428571,11.142857142857142,4.0,1.705,1.0466666666666666,1.3821314398,1.2983193918000002
Portugal,1974.0818157520816,697,12,2.25,2.6666666666666665,0.8333333333333334,18.693664761056066,2.1734186737768155,2.4346727138977786,0.8495268258160817,1.585145888081697,2.0,1.2999999999999998,0.49,12.0,7.5,5.0,2.0,62.5,5.0,2.94186886354,2.0980376975999997,19.0,12.2,6.4,1.2866666666666666,1.0166666666666666,1.9191803321307692,1.5946298836923076
Germany,1962.4877183371566,1033,12,2.75,3.0833333333333335,0.8333333333333334,18.354790420855323,2.2609374587437236,2.6348872738748352,1.0589230899031254,1.57596418397171,2.0,3.3200000000000003,0.835,21.0,8.5,9.5,2.0,53.65,4.0,1.72026673335,1.028917121,18.75,11.0,6.0,1.96,1.1316666666666666,1.4267555777833334,1.196305707
Japan,1950.4773866939913,792,12,2.25,2.0833333333333335,0.6666666666666666,17.23287056870682,2.261634926508055,2.387738909153947,0.6308095728210888,1.7569293363328582,2.0,0.8500000000000001,0.325,9.5,6.0,3.0,3.0,46.25,0.0,0.0,0.0,0.0,0.0,0.0,1.1366666666666667,0.9616666666666667,1.28,1.28
Morocco,1949.8878911997383,619,12,2.3333333333333335,2.0,0.3333333333333333,28.220172056164245,2.4915188251834492,2.0891334423340777,0.3659377014360855,1.7231957408979923,2.0,1.065,0.865,13.0,9.0,2.5,2.5,50.0,0.0,0.0,0.0,0.0,0.0,0.0,1.2083333333333333,1.1416666666666666,1.28,1.28
Netherlands,1946.8591074094593,881,12,2.0833333333333335,2.4166666666666665,0.9166666666666666,18.570349295092395,1.9760414639608186,2.4508921042647973,1.0069501391257225,1.4439419651390746,2.0,1.44,0.8200000000000001,10.0,12.5,6.5,5.0,51.55,6.0,1.2197474766666667,0.9786938919666667,13.833333333333334,10.833333333333334,3.8333333333333335,1.3333333333333333,1.1266666666666667,1.25417749,1.150868810842857
Mexico,1927.541374968907,1005,12,2.25,1.5833333333333333,0.3333333333333333,25.979530250548677,1.9996341491300156,1.5171950018913392,0.7502049083639991,0.7669900935273399,2.0,1.06,0.485,12.0,6.0,4.0,2.0,48.95,3.0,1.4860098433333337,0.6502164416666666,19.333333333333332,10.666666666666666,6.0,1.2066666666666668,1.0150000000000001,1.336184502727273,1.1082408477272727
Norway,1906.188258303595,874,12,2.25,3.1666666666666665,0.9166666666666666,16.64914690208223,2.1546006226784633,2.702816500049147,0.9845862309104327,1.7182302691387144,2.0,1.955,1.625,12.0,13.5,6.0,2.5,48.650000000000006,0.0,0.0,0.0,0.0,0.0,0.0,1.5050000000000001,1.395,1.28,1.28
Belgium,1882.3932637746702,855,12,2.1666666666666665,3.1666666666666665,0.5833333333333334,18.029077379357883,1.8780631724618149,2.3613310590988323,0.8251451668287846,1.536185892270048,2.0,1.275,0.605,19.0,10.5,5.5,3.0,52.35,4.0,1.09831761475,0.982081361175,13.25,14.25,5.0,1.2783333333333333,1.055,1.2194392049166667,1.1806937870583334
Croatia,1875.2864852462358,398,12,2.0833333333333335,1.8333333333333333,1.1666666666666667,18.087778134627875,1.8888983007419273,1.8532881135680397,1.169713856324907,0.6835742572431328,2.0,0.82,2.01,8.0,15.0,3.5,6.0,48.0,2.0,1.6709174934999997,1.1556271790000001,13.5,13.5,6.0,1.1266666666666667,1.5233333333333332,1.3581834986999999,1.2551254358000001
Ecuador,1868.4820550339493,593,12,1.5833333333333333,1.0,0.5,18.272888982156925,1.6052526083246892,1.0296127376796693,0.5645022733194569,0.4651104643602125,2.0,2.06,1.255,19.5,12.5,8.0,3.5,57.849999999999994,4.0,1.982448339375,2.0583650125,13.5,13.5,4.0,1.54,1.2716666666666667,1.5141494464583334,1.5394550041666666
Switzerland,1864.0822811382861,886,12,1.9166666666666667,2.25,0.8333333333333334,18.351842204803063,1.7185810758668003,2.0347632764598074,1.0946094583695056,0.9401538180903016,2.0,2.495,0.41000000000000003,19.5,5.5,7.0,3.0,58.25,5.0,1.6967543284000002,1.7193211074,12.4,13.0,5.2,1.685,0.99,1.4402901263076924,1.4489696566923078
USA,1862.7654817364753,792,12,1.8333333333333333,2.0,1.5,23.015113395300673,1.7204794428827848,1.8883524902703832,1.3053951046830707,0.5829573855873127,2.0,1.73,0.45499999999999996,13.0,7.0,4.0,1.5,57.75,3.0,1.2633197659999997,0.7173315045333334,11.333333333333334,10.333333333333334,4.333333333333333,1.43,1.005,1.2754508452727271,1.1265449557818181
Italy,1861.0452099120328,893,12,2.3333333333333335,2.1666666666666665,1.0833333333333333,15.975073101033516,2.0670694719159854,1.8893698089433544,1.0767504974844277,0.8126193114589266,0.0,0.0,0.0,0.0,0.0,0.0,0.0,0.0,3.0,0.6181505433333333,1.2664907444,9.333333333333334,14.0,1.6666666666666667,1.28,1.28,1.0994956027272726,1.2763156575636363
Algeria,1858.6308172913104,619,12,2.1666666666666665,1.9166666666666667,0.6666666666666666,24.871190119855246,2.285489564962901,2.1676717607207854,0.7056389799086238,1.4620327808121616,2.0,1.23,0.98,12.0,9.0,4.5,5.0,56.5,0.0,0.0,0.0,0.0,0.0,0.0,1.2633333333333334,1.18,1.28,1.28
Uruguay,1849.1346385336797,972,12,1.5,1.0833333333333333,1.0,16.76887682116243,1.4655185702690015,1.189801690196863,0.8768285910189334,0.31297309917792976,2.0,1.865,0.8,22.0,9.5,6.0,3.5,59.099999999999994,6.0,2.484375147616667,2.04163206925,15.666666666666666,10.5,6.333333333333333,1.475,1.12,1.79616077755,1.6064137439642856
IR Iran,1848.201219782165,614,12,1.5833333333333333,1.5833333333333333,0.6666666666666666,16.860897978841617,1.9682119754675045,1.915291788559137,0.7643584824468502,1.1509333061122868,2.0,1.165,1.475,12.0,18.5,3.5,7.5,36.75,0.0,0.0,0.0,0.0,0.0,0.0,1.2416666666666667,1.345,1.28,1.28
Denmark,1847.3117195208467,874,12,2.0833333333333335,2.5833333333333335,0.9166666666666666,15.980167803051918,1.8527644754908656,1.9690867216175643,0.9821143945289044,0.9869723270886601,0.0,0.0,0.0,0.0,0.0,0.0,0.0,0.0,4.0,0.9673991494999999,1.172539941675,13.0,10.75,4.0,1.28,1.28,1.1757997165,1.2441799805583333
Australia,1840.4150340054646,583,12,1.5833333333333333,1.25,1.0,17.5061176179608,1.8071577840555868,1.5767774633868608,0.8271326758678192,0.7496447875190413,2.0,0.65,1.62,7.0,20.0,3.0,4.5,28.65,0.0,0.0,0.0,0.0,0.0,0.0,1.07,1.3933333333333333,1.28,1.28
Canada,1839.0545984917385,471,12,1.75,1.5,0.4166666666666667,20.131240774404837,1.749458032264057,1.6482852200795282,0.7451151490017224,0.9031700710778059,2.0,2.695,0.48,23.0,5.0,7.5,1.5,59.3,6.0,2.593469284833333,2.7660698974833338,12.333333333333334,14.0,4.666666666666667,1.7516666666666665,1.0133333333333334,1.8429154077857142,1.9168870989214288
Austria,1825.8278276455671,862,12,2.3333333333333335,2.5,0.5833333333333334,16.827498587508178,2.0703720300123165,2.114025946921266,0.8402567551629502,1.2737691917583158,2.0,1.28,1.4900000000000002,8.0,11.5,2.5,4.5,48.4,4.0,1.52873562875,1.433835201125,12.5,11.5,5.5,1.28,1.35,1.36291187625,1.331278400375
Korea Republic,1824.293556591793,1009,12,1.8333333333333333,1.4166666666666667,1.1666666666666667,18.54397572366776,1.9410244270410757,1.763647874184534,0.9548897268415324,0.8087581473430017,2.0,1.32,0.49,12.0,7.5,4.0,4.0,53.8,0.0,0.0,0.0,0.0,0.0,0.0,1.2933333333333334,1.0166666666666666,1.28,1.28
Senegal,1811.935235927218,640,12,1.6666666666666667,1.5833333333333333,1.25,23.174998908637292,2.001360708110747,1.9804781008451706,0.8756972599144159,1.1047808409307547,2.0,1.22,1.56,11.0,12.0,3.0,7.5,47.95,0.0,0.0,0.0,0.0,0.0,0.0,1.26,1.3733333333333333,1.28,1.28
Türkiye,1809.6410659603928,644,12,2.0833333333333335,2.0833333333333335,1.3333333333333333,18.065340422028513,1.8985391639088065,1.8063473671661805,1.2312438788975102,0.5751034882686706,2.0,1.895,0.675,31.0,8.0,6.0,3.0,65.3,5.0,1.29297811824,1.6192149050800002,14.4,14.0,4.4,1.485,1.0783333333333334,1.2849915839384616,1.4104672711846156
Nigeria,1809.4799406395043,661,12,2.0833333333333335,2.0,0.8333333333333334,22.91557844088341,1.9665945592973488,1.820507935889036,0.8785789333407273,0.9419290025483087,0.0,0.0,0.0,0.0,0.0,0.0,0.0,0.0,0.0,0.0,0.0,0.0,0.0,0.0,1.28,1.28,1.28,1.28
Côte d'Ivoire,1805.7328573431628,638,12,2.0833333333333335,1.75,0.8333333333333334,20.504677623320728,2.07453459037357,1.7850793379302756,0.6682128044483452,1.1168665334819305,2.0,1.575,1.915,12.0,14.0,3.0,4.0,41.55,0.0,0.0,0.0,0.0,0.0,0.0,1.3783333333333334,1.4916666666666667,1.28,1.28
Paraguay,1797.3474017987674,785,12,1.4166666666666667,1.1666666666666667,1.1666666666666667,16.141908842417106,1.4741179759897791,1.1482775993504706,1.129183986488467,0.01909361286200355,2.0,0.48,2.005,8.0,24.0,1.5,5.5,23.95,3.0,0.9864450799666667,1.5472217466666665,14.333333333333334,10.0,5.0,1.0133333333333334,1.5216666666666667,1.1999395672636364,1.3528786581818182
Egypt,1796.8345307758802,758,12,1.8333333333333333,1.4166666666666667,0.6666666666666666,24.01155019729537,1.8619355203956744,1.4495130080457665,0.7508131646135949,0.6986998434321717,2.0,1.415,0.89,16.5,13.0,5.0,4.5,44.2,0.0,0.0,0.0,0.0,0.0,0.0,1.325,1.15,1.28,1.28
Russia,1792.1696381116706,749,12,2.0,1.9166666666666667,0.6666666666666666,13.209998013225349,2.079802542534638,2.1708860600476556,0.5923865534657937,1.5784995065818617,0.0,0.0,0.0,0.0,0.0,0.0,0.0,0.0,0.0,0.0,0.0,0.0,0.0,0.0,1.28,1.28,1.28,1.28
Jersey,1768.8527676229928,235,12,2.5833333333333335,3.0,1.0,2.447374844664169,1.9088539401494362,2.501846072839317,1.3411089646221386,1.1607371082171782,0.0,0.0,0.0,0.0,0.0,0.0,0.0,0.0,0.0,0.0,0.0,0.0,0.0,0.0,1.28,1.28,1.28,1.28
Scotland,1760.012764647115,853,12,1.8333333333333333,1.8333333333333333,0.9166666666666666,17.474306288160893,1.5736346630806082,1.6041727579141745,1.1722676807413626,0.43190507717281207,2.0,0.825,0.75,7.5,13.5,1.0,2.0,39.8,2.0,0.47770891100000007,0.995583355,8.0,12.5,1.5,1.1283333333333334,1.1033333333333333,1.1195417822,1.223116671
Ukraine,1758.8494601968039,338,12,1.5833333333333333,1.5833333333333333,1.75,15.575677459777914,1.5778589321470005,1.4788223373783012,1.4774195079783554,0.001402829399945624,0.0,0.0,0.0,0.0,0.0,0.0,0.0,0.0,3.0,0.9947670916,0.8337248035,13.333333333333334,12.0,4.0,1.28,1.28,1.2022092068,1.1582885827727274
Yugoslavia,1745.5776774173085,483,12,1.6666666666666667,2.25,1.1666666666666667,6.512572311499217e-10,1.5970636210451552,1.7310836726435863,1.117596140334632,0.6134875323089545,0.0,0.0,0.0,0.0,0.0,0.0,0.0,0.0,0.0,0.0,0.0,0.0,0.0,0.0,1.28,1.28,1.28,1.28
Venezuela,1740.542554461099,460,12,1.3333333333333333,1.1666666666666667,1.4166666666666667,14.965235466021106,1.2559874304329506,1.1743372694376932,1.3463668035555967,-0.17202953411790353,0.0,0.0,0.0,0.0,0.0,0.0,0.0,0.0,4.0,2.515281953175,2.4598992279250003,15.5,14.25,4.5,1.28,1.28,1.6917606510583334,1.6732997426416667
Chile,1735.5286290954755,835,12,1.4166666666666667,1.1666666666666667,1.4166666666666667,15.221494864981668,1.3234752871097482,1.3227353640133748,1.4140777705639807,-0.09134240655060585,0.0,0.0,0.0,0.0,0.0,0.0,0.0,0.0,3.0,0.5365871371666667,1.3869431266666667,7.333333333333333,12.666666666666666,2.6666666666666665,1.28,1.28,1.077251037409091,1.3091663072727273
Uzbekistan,1735.3218297846636,356,12,1.25,1.25,1.4166666666666667,17.848634970480056,1.4914232571471244,1.3019974561337635,1.2056019408997454,0.0963955152340183,2.0,0.775,1.5949999999999998,7.5,16.0,2.0,6.5,33.95,0.0,0.0,0.0,0.0,0.0,0.0,1.1116666666666668,1.385,1.28,1.28
Sweden,1733.6710183084688,1103,12,1.0,1.5833333333333333,2.1666666666666665,17.216966740304088,1.503243246080803,1.9703045050094146,1.7776393860814226,0.19266511892799237,2.0,1.6949999999999998,1.295,14.5,8.0,7.5,4.5,45.349999999999994,0.0,0.0,0.0,0.0,0.0,0.0,1.4183333333333332,1.285,1.28,1.28
Panama,1723.46604340264,541,12,1.3333333333333333,1.5,1.5,24.08396932670167,1.5604602114682409,1.534182759817598,1.3343955207501859,0.19978723906741208,2.0,0.73,0.8999999999999999,9.5,6.5,2.5,2.0,46.35,4.0,0.805545503075,1.3123889052500002,12.5,10.0,3.75,1.0966666666666667,1.1533333333333333,1.1218485010250001,1.2907963017500002
Greece,1722.817945871494,633,12,1.25,1.6666666666666667,1.4166666666666667,14.69455791270548,1.4379612990911628,1.5175588410502518,1.1005231881587392,0.41703565289151273,0.0,0.0,0.0,0.0,0.0,0.0,0.0,0.0,0.0,0.0,0.0,0.0,0.0,0.0,1.28,1.28,1.28,1.28
Serbia,1718.178330651289,348,12,1.3333333333333333,1.0,1.8333333333333333,15.538350838600085,1.3411358306924333,1.1203827994263518,1.5624163655488936,-0.4420335661225419,0.0,0.0,0.0,0.0,0.0,0.0,0.0,0.0,3.0,0.6783928223333332,0.8875041963333334,8.666666666666666,9.0,2.0,1.28,1.28,1.1159253151818183,1.172955689909091
Poland,1717.178699220127,892,12,1.75,1.6666666666666667,1.25,15.77997609371172,1.576789554516083,1.5923257584983779,1.3967895221064555,0.19553623639192266,0.0,0.0,0.0,0.0,0.0,0.0,0.0,0.0,3.0,1.1754478897666667,1.6753071045333332,12.333333333333334,18.333333333333332,4.333333333333333,1.28,1.28,1.2514857881181818,1.3878110285090908
Czechia,1716.2428197858308,362,12,1.6666666666666667,2.0,1.0,17.555554092960403,1.7281812586746734,1.9510823232963264,1.181035103598949,0.7700472196973772,2.0,1.0,1.5550000000000002,10.5,16.0,3.5,5.0,33.3,3.0,1.5301805507000001,1.4116590710666668,14.666666666666666,14.0,6.0,1.1866666666666668,1.3716666666666668,1.3482310592818183,1.3159070193818183
Czechoslovakia,1714.3209492045512,520,12,1.5,1.9166666666666667,1.0,2.016685500234225e-09,1.5903630709815881,1.7487972007400174,0.9953746741931128,0.7534225265469046,0.0,0.0,0.0,0.0,0.0,0.0,0.0,0.0,0.0,0.0,0.0,0.0,0.0,0.0,1.28,1.28,1.28,1.28
Guernsey,1714.2924798397942,240,12,1.8333333333333333,2.0833333333333335,0.9166666666666666,0.7501445713621988,1.9300595942940546,1.6376327109922857,0.8282840213102467,0.8093486896820387,0.0,0.0,0.0,0.0,0.0,0.0,0.0,0.0,0.0,0.0,0.0,0.0,0.0,0.0,1.28,1.28,1.28,1.28
Congo DR,1712.305465582824,526,12,1.5833333333333333,1.0,0.5833333333333334,20.441398940473935,1.7259181334438933,1.166487971482438,0.6447183424556155,0.5217696290268224,2.0,0.48,1.07,7.5,13.5,1.5,5.0,29.1,0.0,0.0,0.0,0.0,0.0,0.0,1.0133333333333334,1.21,1.28,1.28
Basque Country,1711.8262109141353,64,12,2.0833333333333335,2.3333333333333335,0.8333333333333334,0.9298420746353863,2.4760869664469047,2.4504678952116885,0.2881181217825242,2.162349773429164,0.0,0.0,0.0,0.0,0.0,0.0,0.0,0.0,0.0,0.0,0.0,0.0,0.0,0.0,1.28,1.28,1.28,1.28
Hungary,1706.8629498940618,1006,12,1.75,1.5833333333333333,1.25,15.53958660539118,1.6544701833933875,1.4037380102340342,1.2872221877517682,0.1165158224822659,0.0,0.0,0.0,0.0,0.0,0.0,0.0,0.0,3.0,1.1106306666666665,1.254332423,10.333333333333334,12.666666666666666,3.0,1.28,1.28,1.2338083636363637,1.2729997517272726
Republic of Ireland,1695.878961755671,633,12,1.6666666666666667,1.5,0.8333333333333334,15.609354927422304,1.551108955726035,1.3452866493957332,1.0428643459758826,0.30242230341985044,0.0,0.0,0.0,0.0,0.0,0.0,0.0,0.0,0.0,0.0,0.0,0.0,0.0,0.0,1.28,1.28,1.28,1.28
Peru,1695.0355977464271,714,12,0.5833333333333334,0.6666666666666666,1.5,15.067719698999808,0.9367861034939841,0.8143351842786255,1.344034448652403,-0.5296992643737772,0.0,0.0,0.0,0.0,0.0,0.0,0.0,0.0,3.0,0.4734456401666667,1.346529638,7.666666666666667,9.333333333333334,3.0,1.28,1.28,1.0600306291363637,1.2981444467272727
Cameroon,1690.054423193024,616,12,1.6666666666666667,1.0833333333333333,0.6666666666666666,16.1924513129988,1.7157219741834242,1.2769816099850158,0.7378728067875756,0.5391088031974401,0.0,0.0,0.0,0.0,0.0,0.0,0.0,0.0,0.0,0.0,0.0,0.0,0.0,0.0,1.28,1.28,1.28,1.28
Jordan,1688.867980746937,487,12,1.4166666666666667,1.5833333333333333,1.6666666666666667,24.092978317070838,1.3115397332369192,1.5344561110449657,1.484693882128737,0.04976222891622846,2.0,0.455,1.9899999999999998,9.5,13.5,4.0,6.0,30.35,0.0,0.0,0.0,0.0,0.0,0.0,1.0050000000000001,1.5166666666666666,1.28,1.28
Costa Rica,1688.6909700162666,724,12,0.8333333333333334,1.0833333333333333,1.75,19.072288626015414,1.3415776483263084,1.6746294169752527,1.535721949120481,0.13890746785477165,0.0,0.0,0.0,0.0,0.0,0.0,0.0,0.0,3.0,0.15802769733333336,1.9878565110000004,3.0,18.333333333333332,0.6666666666666666,1.28,1.28,0.9740075538181818,1.4730517757272727
Kosovo,1684.3077727818345,104,12,1.9166666666666667,1.9166666666666667,1.25,14.5010796689805,1.7809162724607925,1.677824594243721,1.150779909173881,0.52704468506984,0.0,0.0,0.0,0.0,0.0,0.0,0.0,0.0,0.0,0.0,0.0,0.0,0.0,0.0,1.28,1.28,1.28,1.28
Mali,1682.2180171700513,569,12,1.4166666666666667,1.25,0.8333333333333334,15.725851530434998,1.589713026124333,1.3248574178284371,0.6890570625282675,0.6358003553001698,0.0,0.0,0.0,0.0,0.0,0.0,0.0,0.0,0.0,0.0,0.0,0.0,0.0,0.0,1.28,1.28,1.28,1.28
Wales,1682.1541755192977,726,12,1.25,1.75,1.5,14.952667535919627,1.369791850375337,1.5151719109687745,1.2580497892214955,0.257122121747279,0.0,0.0,0.0,0.0,0.0,0.0,0.0,0.0,0.0,0.0,0.0,0.0,0.0,0.0,1.28,1.28,1.28,1.28
Iraq,1680.196215655847,657,12,1.4166666666666667,1.0,1.4166666666666667,21.8190171840824,1.5998923285708697,1.1115224556743688,1.15989288420978,-0.04837042853541114,2.0,0.95,2.355,7.5,15.0,0.5,5.0,39.5,0.0,0.0,0.0,0.0,0.0,0.0,1.17,1.6383333333333332,1.28,1.28
Isle of Man,1674.7274575380136,58,12,2.0,3.5833333333333335,1.3333333333333333,3.1681504802868306,2.252332562895983,4.131860297611624,1.3724936453611796,2.7593666522504448,0.0,0.0,0.0,0.0,0.0,0.0,0.0,0.0,0.0,0.0,0.0,0.0,0.0,0.0,1.28,1.28,1.28,1.28
New Zealand,1673.0791216069813,418,12,0.4166666666666667,0.8333333333333334,1.9166666666666667,16.21511507475073,1.0781446028744428,1.6530084909656062,1.4438966760922372,0.20911181487336936,2.0,1.0899999999999999,1.975,12.5,18.0,6.5,5.5,42.349999999999994,0.0,0.0,0.0,0.0,0.0,0.0,1.2166666666666666,1.5116666666666667,1.28,1.28
Saudi Arabia,1669.5133863994192,743,12,1.1666666666666667,1.0833333333333333,1.5,26.94261282520266,1.3734830419513835,1.097085703465101,1.1724045606192495,-0.07531885715414857,2.0,0.5850000000000001,2.35,5.0,24.5,2.5,9.0,28.55,0.0,0.0,0.0,0.0,0.0,0.0,1.0483333333333333,1.6366666666666667,1.28,1.28
Slovenia,1668.5799593077645,317,12,1.1666666666666667,0.9166666666666666,1.25,15.86410957485731,1.361383636949755,1.0847021776617447,1.1185731048940732,-0.033870927232328395,0.0,0.0,0.0,0.0,0.0,0.0,0.0,0.0,4.0,1.437377600075,1.9501172699999998,10.0,16.5,3.0,1.28,1.28,1.332459200025,1.5033724233333332
German DR,1666.3243185447243,298,12,2.1666666666666665,1.9166666666666667,1.1666666666666667,2.445077636657909e-10,1.7318645231521392,1.6229493201474219,1.2572927402268894,0.3656565799205323,0.0,0.0,0.0,0.0,0.0,0.0,0.0,0.0,0.0,0.0,0.0,0.0,0.0,0.0,1.28,1.28,1.28,1.28
Honduras,1661.211095457361,620,12,1.4166666666666667,1.0,0.75,16.88306916499813,1.417315882580285,1.2689321503684166,1.2123709244086707,0.056561225959745866,0.0,0.0,0.0,0.0,0.0,0.0,0.0,0.0,0.0,0.0,0.0,0.0,0.0,0.0,1.28,1.28,1.28,1.28
Ghana,1659.3772020167798,673,12,1.25,1.0,1.1666666666666667,17.216765070829688,1.2733853592839117,1.2042709492554073,1.1837746654973729,0.02049628375803437,2.0,0.66,1.275,4.5,15.0,1.0,3.5,27.8,0.0,0.0,0.0,0.0,0.0,0.0,1.0733333333333333,1.2783333333333333,1.28,1.28
Slovakia,1655.4777840557765,367,12,1.5833333333333333,1.3333333333333333,1.6666666666666667,15.773661774030499,1.6232394200911366,1.434252670832706,1.3121303067937977,0.12212236403890812,0.0,0.0,0.0,0.0,0.0,0.0,0.0,0.0,4.0,0.962458747725,1.547647225875,12.5,13.5,4.0,1.28,1.28,1.1741529159083333,1.3692157419583333
Tunisia,1654.8337301504862,680,12,1.0833333333333333,1.1666666666666667,1.9166666666666667,23.60844367895827,1.5269781563463156,1.3350619210071228,1.238132566653032,0.0969293543540909,2.0,0.18000000000000002,1.725,4.0,11.5,1.0,5.5,39.55,0.0,0.0,0.0,0.0,0.0,0.0,0.9133333333333333,1.4283333333333335,1.28,1.28
Padania,1654.3795248528909,45,12,1.75,2.6666666666666665,0.9166666666666666,0.07835442652445844,1.728901047665197,2.389467014401746,0.8801235971766289,1.509343417225117,0.0,0.0,0.0,0.0,0.0,0.0,0.0,0.0,0.0,0.0,0.0,0.0,0.0,0.0,1.28,1.28,1.28,1.28
Cabo Verde,1650.2200219209335,237,12,1.5,1.5,1.1666666666666667,17.7982549423342,1.493204446323445,1.3107761888369553,1.101420092726927,0.20935609611002834,2.0,0.335,2.245,9.0,22.0,2.5,4.5,29.4,0.0,0.0,0.0,0.0,0.0,0.0,0.9650000000000001,1.6016666666666666,1.28,1.28
United Arab Emirates,1648.7073900724627,612,12,1.3333333333333333,1.3333333333333333,1.3333333333333333,16.61118757890143,1.4383687077565073,1.4245002859983258,1.1243119875997283,0.3001882983985975,0.0,0.0,0.0,0.0,0.0,0.0,0.0,0.0,0.0,0.0,0.0,0.0,0.0,0.0,1.28,1.28,1.28,1.28
Haiti,1642.0180626868591,512,12,1.25,1.25,1.1666666666666667,16.67332026088774,1.4383277034437327,1.8422470825703832,1.232149565746308,0.6100975168240753,2.0,0.48,1.165,11.0,8.0,2.5,3.0,47.400000000000006,0.0,0.0,0.0,0.0,0.0,0.0,1.0133333333333334,1.2416666666666667,1.28,1.28
Romania,1641.4787490531012,766,12,1.4166666666666667,1.5833333333333333,1.4166666666666667,15.692767166288693,1.5555166915903211,1.6087602495405129,1.1479194270276583,0.4608408225128548,0.0,0.0,0.0,0.0,0.0,0.0,0.0,0.0,4.0,0.93918187725,1.4150680577499999,9.5,17.5,3.75,1.28,1.28,1.1663939590833334,1.3250226859166667
South Africa,1641.3179291343422,482,12,1.5,1.3333333333333333,1.0833333333333333,20.95586964612895,1.6125294100816587,1.3380112993158328,0.8849042022069902,0.45310709710884267,2.0,0.7200000000000001,1.57,10.0,15.0,3.0,3.5,48.2,0.0,0.0,0.0,0.0,0.0,0.0,1.0933333333333333,1.3766666666666667,1.28,1.28
Georgia,1640.232859701815,307,12,1.25,1.3333333333333333,1.5833333333333333,15.359381221249292,1.4398073945194836,1.6335962663815506,1.3834133476917985,0.2501829186897521,0.0,0.0,0.0,0.0,0.0,0.0,0.0,0.0,4.0,1.05426521775,2.597432098225,7.5,26.5,2.0,1.28,1.28,1.2047550725833334,1.7191440327416667
Jamaica,1636.4610285421352,663,12,1.6666666666666667,1.25,0.6666666666666666,21.683071221755853,1.5802060871579942,1.2753798192378756,1.0178360027121833,0.25754381652569225,0.0,0.0,0.0,0.0,0.0,0.0,0.0,0.0,3.0,0.702830348,1.7387717429333331,9.333333333333334,20.0,3.0,1.28,1.28,1.122590094909091,1.4051195662545455
Northern Cyprus,1634.3272175657307,34,12,2.1666666666666665,2.5833333333333335,0.6666666666666666,0.036895032697044555,2.047724956787498,2.6786218498482186,0.8207380430645687,1.8578838067836503,0.0,0.0,0.0,0.0,0.0,0.0,0.0,0.0,0.0,0.0,0.0,0.0,0.0,0.0,1.28,1.28,1.28,1.28
Burkina Faso,1632.279832049988,464,12,1.9166666666666667,1.8333333333333333,1.1666666666666667,19.84638695469793,1.7208789619833023,1.6978955410169354,1.1014813126497944,0.596414228367141,0.0,0.0,0.0,0.0,0.0,0.0,0.0,0.0,0.0,0.0,0.0,0.0,0.0,0.0,1.28,1.28,1.28,1.28
Ynys Môn,1629.0154563483304,67,12,2.75,2.5,1.0833333333333333,1.6162324030439053,2.749119481215468,1.6164060946139949,0.6012918667808889,1.015114227833106,0.0,0.0,0.0,0.0,0.0,0.0,0.0,0.0,0.0,0.0,0.0,0.0,0.0,0.0,1.28,1.28,1.28,1.28
Occitania,1628.409275833036,33,12,2.25,3.3333333333333335,0.5833333333333334,0.0024061501029599627,2.279688339418696,3.10282713945973,0.7256992503096572,2.377127889150073,0.0,0.0,0.0,0.0,0.0,0.0,0.0,0.0,0.0,0.0,0.0,0.0,0.0,0.0,1.28,1.28,1.28,1.28
Isle of Wight,1627.298035230093,48,12,2.3333333333333335,2.1666666666666665,0.9166666666666666,0.5183136417047418,2.245032326035003,1.7507728684909554,1.0024036672238876,0.748369201267068,0.0,0.0,0.0,0.0,0.0,0.0,0.0,0.0,0.0,0.0,0.0,0.0,0.0,0.0,1.28,1.28,1.28,1.28
Israel,1626.4893476181915,498,12,1.6666666666666667,1.9166666666666667,1.8333333333333333,12.573550101468006,1.4492453229146318,1.6102527778270601,1.7623591463460684,-0.15210636851900833,0.0,0.0,0.0,0.0,0.0,0.0,0.0,0.0,0.0,0.0,0.0,0.0,0.0,0.0,1.28,1.28,1.28,1.28
Bolivia,1623.9777663063587,534,12,1.0833333333333333,0.75,1.75,18.000482927933437,0.9268898902834688,0.8044523424380039,1.9523281611120742,-1.1478758186740705,0.0,0.0,0.0,0.0,0.0,0.0,0.0,0.0,3.0,0.33129500663333333,2.022068598266667,5.666666666666667,17.0,2.3333333333333335,1.28,1.28,1.0212622745363638,1.4823823449818183
New Caledonia,1614.0292416807945,265,12,1.9166666666666667,2.5,0.9166666666666666,5.008974946637433,1.6806353641190859,1.890556182908448,1.0055609096566211,0.8849952732518267,0.0,0.0,0.0,0.0,0.0,0.0,0.0,0.0,0.0,0.0,0.0,0.0,0.0,0.0,1.28,1.28,1.28,1.28
Bosnia and Herzegovina,1604.249771591936,285,12,1.3333333333333333,1.8333333333333333,1.25,16.31887963625834,1.1539196639133185,1.2985174279816885,1.5030192565642544,-0.2045018285825661,2.0,0.53,1.67,6.5,13.0,3.0,5.5,32.0,0.0,0.0,0.0,0.0,0.0,0.0,1.03,1.41,1.28,1.28
Iraqi Kurdistan,1597.5703127315853,27,12,1.75,2.25,0.9166666666666666,0.006183216645948231,1.729585477877238,2.0293570884118304,0.7215101479400957,1.3078469404717346,0.0,0.0,0.0,0.0,0.0,0.0,0.0,0.0,0.0,0.0,0.0,0.0,0.0,0.0,1.28,1.28,1.28,1.28
Northern Ireland,1596.2406798951965,707,12,1.3333333333333333,1.0,1.1666666666666667,14.526462076197328,1.293486055521522,1.1004912823245996,1.2655463149192283,-0.16505503259462867,0.0,0.0,0.0,0.0,0.0,0.0,0.0,0.0,0.0,0.0,0.0,0.0,0.0,0.0,1.28,1.28,1.28,1.28
Guatemala,1595.045786596478,554,12,1.0,1.1666666666666667,2.25,18.587994617619515,1.204663475340387,1.2446339756727198,1.7785133784560827,-0.5338794027833627,0.0,0.0,0.0,0.0,0.0,0.0,0.0,0.0,0.0,0.0,0.0,0.0,0.0,0.0,1.28,1.28,1.28,1.28
Abkhazia,1594.2292641212937,33,12,1.8333333333333333,1.8333333333333333,0.75,0.07971752425341648,1.8233781836778777,1.627533559652772,0.7014611011447313,0.9260724585080408,0.0,0.0,0.0,0.0,0.0,0.0,0.0,0.0,0.0,0.0,0.0,0.0,0.0,0.0,1.28,1.28,1.28,1.28
Albania,1590.9484935905746,398,12,1.4166666666666667,0.8333333333333334,0.8333333333333334,15.406446852368155,1.263623577258001,0.9341553952096106,0.9650329440833822,-0.030877548873771754,0.0,0.0,0.0,0.0,0.0,0.0,0.0,0.0,2.0,0.9145071425000002,1.4051562784999998,12.0,18.5,5.5,1.28,1.28,1.2069014285000002,1.3050312557
Catalonia,1587.0835908762522,48,12,1.6666666666666667,1.8333333333333333,1.0833333333333333,0.009341352543493253,2.3757213405020075,1.9880685261507356,1.29204742545777,0.6960211006929652,0.0,0.0,0.0,0.0,0.0,0.0,0.0,0.0,0.0,0.0,0.0,0.0,0.0,0.0,1.28,1.28,1.28,1.28
Curaçao,1583.3189808459936,387,12,1.3333333333333333,1.6666666666666667,1.75,16.62658355567298,1.351625592947163,1.7339172854037201,1.5661042878899545,0.16781299751376563,2.0,0.515,3.465,9.0,26.5,2.5,13.5,29.349999999999998,0.0,0.0,0.0,0.0,0.0,0.0,1.025,2.0083333333333333,1.28,1.28
Tamil Eelam,1577.942323030751,28,12,2.0,2.25,1.75,1.9732491908793803,2.969953427968329,3.494465559961571,0.4408951112210903,3.053570448740481,0.0,0.0,0.0,0.0,0.0,0.0,0.0,0.0,0.0,0.0,0.0,0.0,0.0,0.0,1.28,1.28,1.28,1.28
Iceland,1573.1358660463945,522,12,0.75,1.3333333333333333,1.9166666666666667,16.38653266223177,0.9353959180779846,1.328040042507027,1.8493869281188073,-0.5213468856117802,0.0,0.0,0.0,0.0,0.0,0.0,0.0,0.0,0.0,0.0,0.0,0.0,0.0,0.0,1.28,1.28,1.28,1.28
Syria,1572.5428469742042,484,12,1.75,1.8333333333333333,1.0,14.601842306584489,1.491535562945898,1.517118970447149,1.1836942303092026,0.3334247401379463,0.0,0.0,0.0,0.0,0.0,0.0,0.0,0.0,0.0,0.0,0.0,0.0,0.0,0.0,1.28,1.28,1.28,1.28
Suriname,1572.3471753907477,399,12,1.1666666666666667,1.25,1.25,11.934644825332306,1.3592716509104878,1.4030379807281672,1.1333628604162873,0.26967512031188,0.0,0.0,0.0,0.0,0.0,0.0,0.0,0.0,0.0,0.0,0.0,0.0,0.0,0.0,1.28,1.28,1.28,1.28
North Macedonia,1572.2630257426097,306,12,1.0,0.8333333333333334,1.5833333333333333,14.825470939827344,1.217116154895887,1.0098106266306248,1.4410014828958697,-0.43119085626524517,0.0,0.0,0.0,0.0,0.0,0.0,0.0,0.0,0.0,0.0,0.0,0.0,0.0,0.0,1.28,1.28,1.28,1.28
Réunion,1570.9927485512333,124,12,2.0,1.6666666666666667,0.5,0.6111471049429416,1.3070353073499008,0.8411486635099825,0.7265054620131645,0.11464320149681814,0.0,0.0,0.0,0.0,0.0,0.0,0.0,0.0,0.0,0.0,0.0,0.0,0.0,0.0,1.28,1.28,1.28,1.28
Oman,1570.7410000993461,543,12,1.0833333333333333,0.6666666666666666,1.1666666666666667,17.975143319396345,1.3436957008502373,0.9335768102977662,1.0452445048317258,-0.1116676945339597,0.0,0.0,0.0,0.0,0.0,0.0,0.0,0.0,0.0,0.0,0.0,0.0,0.0,0.0,1.28,1.28,1.28,1.28
Kernow,1566.6560839186018,12,12,1.9166666666666667,2.6666666666666665,1.5833333333333333,0.13770152857925086,2.9999766605051708,2.160470867101855,0.9465113004065179,1.2139595666953371,0.0,0.0,0.0,0.0,0.0,0.0,0.0,0.0,0.0,0.0,0.0,0.0,0.0,0.0,1.28,1.28,1.28,1.28
Angola,1566.6074933543132,415,12,1.1666666666666667,1.25,1.1666666666666667,15.403037979614325,1.4427306515671174,1.1992464380427712,0.8901401506219605,0.30910628742081053,0.0,0.0,0.0,0.0,0.0,0.0,0.0,0.0,0.0,0.0,0.0,0.0,0.0,0.0,1.28,1.28,1.28,1.28
Kárpátalja,1560.8364263537194,11,11,1.8181818181818181,2.272727272727273,1.1818181818181819,0.031126335121069992,2.026171385991589,2.389204869771994,1.0616707268379761,1.3275341429340182,0.0,0.0,0.0,0.0,0.0,0.0,0.0,0.0,0.0,0.0,0.0,0.0,0.0,0.0,1.28,1.28,1.28,1.28
Thailand,1560.7046214662798,865,12,2.1666666666666665,2.1666666666666665,0.75,17.2770130374711,1.8581761428327457,2.035588203310074,1.0835524231836609,0.9520357801264131,0.0,0.0,0.0,0.0,0.0,0.0,0.0,0.0,0.0,0.0,0.0,0.0,0.0,0.0,1.28,1.28,1.28,1.28
China,1560.5534488127819,702,12,1.4166666666666667,0.9166666666666666,1.0833333333333333,12.063511083588446,1.2574296211320075,1.0190644380301888,1.2559160944916197,-0.2368516564614309,0.0,0.0,0.0,0.0,0.0,0.0,0.0,0.0,0.0,0.0,0.0,0.0,0.0,0.0,1.28,1.28,1.28,1.28
Panjab,1557.1441434340784,19,12,1.25,2.5833333333333335,1.3333333333333333,0.051226193447151486,1.5897386235365463,3.415242933038592,1.3567521981852206,2.058490734853371,0.0,0.0,0.0,0.0,0.0,0.0,0.0,0.0,0.0,0.0,0.0,0.0,0.0,0.0,1.28,1.28,1.28,1.28
Andalusia,1556.850539861056,13,12,2.3333333333333335,2.0,0.8333333333333334,0.0001218052974335377,2.993757408106367,2.0495731719603847,0.9969667004838437,1.052606471476541,0.0,0.0,0.0,0.0,0.0,0.0,0.0,0.0,0.0,0.0,0.0,0.0,0.0,0.0,1.28,1.28,1.28,1.28
Qatar,1556.390974238573,637,12,0.6666666666666666,0.6666666666666666,1.8333333333333333,20.524527507277373,1.1453876011866762,1.1655909072660064,1.6647412438763338,-0.49915033661032737,2.0,0.36,3.52,4.0,29.5,1.5,9.0,24.65,0.0,0.0,0.0,0.0,0.0,0.0,0.9733333333333334,2.026666666666667,1.28,1.28
Palestine,1556.3682832485324,249,12,1.25,0.75,0.8333333333333334,13.967522792543635,1.0358299630543015,0.7744083179707044,1.0434905730140498,-0.26908225504334526,0.0,0.0,0.0,0.0,0.0,0.0,0.0,0.0,0.0,0.0,0.0,0.0,0.0,0.0,1.28,1.28,1.28,1.28
Rhodes,1554.8962293570814,18,12,2.0,1.6666666666666667,1.0,9.951605011675458e-05,1.7887440921240643,1.42523890198628,1.0956910817141616,0.3295478202721183,0.0,0.0,0.0,0.0,0.0,0.0,0.0,0.0,0.0,0.0,0.0,0.0,0.0,0.0,1.28,1.28,1.28,1.28
Guinea,1552.7820941664968,539,12,1.1666666666666667,1.0,0.8333333333333334,13.552107903649372,1.3682735435133855,1.2683772145574437,0.9589632509028574,0.3094139636545861,0.0,0.0,0.0,0.0,0.0,0.0,0.0,0.0,0.0,0.0,0.0,0.0,0.0,0.0,1.28,1.28,1.28,1.28
Ellan Vannin,1552.7210655990164,22,12,1.25,1.4166666666666667,1.5,0.02979849724216771,1.7222062771360798,1.894191056319356,1.3340520589022722,0.5601389974170838,0.0,0.0,0.0,0.0,0.0,0.0,0.0,0.0,0.0,0.0,0.0,0.0,0.0,0.0,1.28,1.28,1.28,1.28
Finland,1551.1739158666387,818,12,1.0833333333333333,1.0833333333333333,1.6666666666666667,14.963092960861662,1.0420939264455449,1.1043816722613933,1.6573290928312816,-0.5529474205698885,0.0,0.0,0.0,0.0,0.0,0.0,0.0,0.0,0.0,0.0,0.0,0.0,0.0,0.0,1.28,1.28,1.28,1.28
County of Nice,1548.7457351711305,9,9,2.111111111111111,2.111111111111111,1.4444444444444444,0.0031003552070615874,2.1540766308753216,2.3135829661151464,1.6212553796275357,0.6923275864876106,0.0,0.0,0.0,0.0,0.0,0.0,0.0,0.0,0.0,0.0,0.0,0.0,0.0,0.0,1.28,1.28,1.28,1.28
Tahiti,1547.423683511635,242,12,1.8333333333333333,1.5833333333333333,1.25,3.977418560198757,1.6802927097442106,1.6504306866402283,1.2867614773262779,0.3636692093139504,0.0,0.0,0.0,0.0,0.0,0.0,0.0,0.0,0.0,0.0,0.0,0.0,0.0,0.0,1.28,1.28,1.28,1.28
Yorkshire,1543.9836294330837,7,7,2.2857142857142856,3.857142857142857,1.5714285714285714,0.034226819998097825,2.3992847855970725,3.713903722681566,1.5871802791405405,2.126723443541026,0.0,0.0,0.0,0.0,0.0,0.0,0.0,0.0,0.0,0.0,0.0,0.0,0.0,0.0,1.28,1.28,1.28,1.28
Menorca,1542.2354708115754,25,12,1.4166666666666667,1.8333333333333333,1.25,0.5285643575312569,0.7692925960688248,1.5123969677709328,1.733385513248524,-0.22098854547759125,0.0,0.0,0.0,0.0,0.0,0.0,0.0,0.0,0.0,0.0,0.0,0.0,0.0,0.0,1.28,1.28,1.28,1.28
Artsakh,1542.0103674370382,11,11,1.8181818181818181,2.909090909090909,1.2727272727272727,0.03866384206787018,1.9903407793576908,1.872423389905823,1.5831703923906377,0.289252997515185,0.0,0.0,0.0,0.0,0.0,0.0,0.0,0.0,0.0,0.0,0.0,0.0,0.0,0.0,1.28,1.28,1.28,1.28
Belarus,1541.0458752311295,315,12,1.25,1.5,2.1666666666666665,14.669700238454363,1.3449768029028064,1.3380036445873793,1.6288893106699858,-0.2908856660826065,0.0,0.0,0.0,0.0,0.0,0.0,0.0,0.0,0.0,0.0,0.0,0.0,0.0,0.0,1.28,1.28,1.28,1.28
Kurdistan,1539.9025882955355,5,5,2.6,2.4,0.4,0.0004795866688003481,2.76318846938891,2.5028566599101674,0.23591551205907385,2.2669411478510937,0.0,0.0,0.0,0.0,0.0,0.0,0.0,0.0,0.0,0.0,0.0,0.0,0.0,0.0,1.28,1.28,1.28,1.28
Guadeloupe,1536.0207961754957,271,12,1.5833333333333333,1.6666666666666667,1.1666666666666667,6.486013855848929,1.551974260847736,1.6968826794265508,1.26290665446925,0.43397602495730103,0.0,0.0,0.0,0.0,0.0,0.0,0.0,0.0,0.0,0.0,0.0,0.0,0.0,0.0,1.28,1.28,1.28,1.28
Corsica,1533.265448080759,9,9,1.7777777777777777,1.1111111111111112,0.5555555555555556,0.00329691503734546,1.3070483636408432,1.0042967790545143,0.846475301454424,0.15782147760009027,0.0,0.0,0.0,0.0,0.0,0.0,0.0,0.0,0.0,0.0,0.0,0.0,0.0,0.0,1.28,1.28,1.28,1.28
Cascadia,1532.5268153256754,7,7,1.8571428571428572,3.2857142857142856,2.0,0.029901701023152802,1.9955055045976424,3.6153788965534477,2.1198606119127583,1.4955182846406891,0.0,0.0,0.0,0.0,0.0,0.0,0.0,0.0,0.0,0.0,0.0,0.0,0.0,0.0,1.28,1.28,1.28,1.28
Zambia,1532.314655075138,793,12,0.9166666666666666,0.6666666666666666,1.9166666666666667,12.819273946562442,1.0468700147010286,0.9204212195731875,1.6858139829479297,-0.7653927633747424,0.0,0.0,0.0,0.0,0.0,0.0,0.0,0.0,0.0,0.0,0.0,0.0,0.0,0.0,1.28,1.28,1.28,1.28
Chameria,1530.6443617874215,7,7,1.5714285714285714,2.0,1.1428571428571428,0.290683628006225,1.5140786937071093,2.4093592546520917,1.843580515784837,0.5657787388672548,0.0,0.0,0.0,0.0,0.0,0.0,0.0,0.0,0.0,0.0,0.0,0.0,0.0,0.0,1.28,1.28,1.28,1.28
Bahrain,1530.1683265007948,584,12,0.5833333333333334,0.75,1.6666666666666667,16.913356591372118,1.1372496115488873,1.0666297528252586,1.4515100170984392,-0.3848802642731806,0.0,0.0,0.0,0.0,0.0,0.0,0.0,0.0,0.0,0.0,0.0,0.0,0.0,0.0,1.28,1.28,1.28,1.28
Libya,1528.5046985732183,384,12,1.5833333333333333,1.0,0.75,11.223347157301511,1.5060988571806049,1.1015941223478032,0.9023781607956534,0.19921596155214974,0.0,0.0,0.0,0.0,0.0,0.0,0.0,0.0,0.0,0.0,0.0,0.0,0.0,0.0,1.28,1.28,1.28,1.28
Arameans Suryoye,1525.7478539772444,10,10,1.7,1.6,1.2,0.0011908004148304635,1.9882147737946327,1.7957103558370282,1.202963102423822,0.5927472534132061,0.0,0.0,0.0,0.0,0.0,0.0,0.0,0.0,0.0,0.0,0.0,0.0,0.0,0.0,1.28,1.28,1.28,1.28
Quebec,1525.2163679514267,3,3,2.0,8.0,0.6666666666666666,0.00036551790819273964,1.9961995381787319,7.973425617769048,0.6679318844672048,7.3054937333018435,0.0,0.0,0.0,0.0,0.0,0.0,0.0,0.0,0.0,0.0,0.0,0.0,0.0,0.0,1.28,1.28,1.28,1.28
Gabon,1524.07097635306,405,12,1.1666666666666667,1.9166666666666667,1.9166666666666667,13.44400114915748,1.3385533375396943,1.6442714144679615,1.6855715983861819,-0.041300183918220205,0.0,0.0,0.0,0.0,0.0,0.0,0.0,0.0,0.0,0.0,0.0,0.0,0.0,0.0,1.28,1.28,1.28,1.28
Maule Sur,1522.1455714482179,2,2,3.0,1.0,0.0,0.12358403131997847,3.0000000000000004,1.0,0.0,1.0,0.0,0.0,0.0,0.0,0.0,0.0,0.0,0.0,0.0,0.0,0.0,0.0,0.0,0.0,1.28,1.28,1.28,1.28
Malaysia,1520.2159497754787,835,12,2.1666666666666665,1.8333333333333333,0.75,12.443721406630658,1.969094207824277,1.8699445010598374,1.0841551672338376,0.7857893338259997,0.0,0.0,0.0,0.0,0.0,0.0,0.0,0.0,0.0,0.0,0.0,0.0,0.0,0.0,1.28,1.28,1.28,1.28
Benin,1518.313539978207,325,12,1.3333333333333333,0.9166666666666666,1.6666666666666667,15.728748171925863,1.2624266632059487,0.9409314824743814,1.4703611584556309,-0.5294296759812495,0.0,0.0,0.0,0.0,0.0,0.0,0.0,0.0,0.0,0.0,0.0,0.0,0.0,0.0,1.28,1.28,1.28,1.28
Uganda,1517.5551467971727,685,12,1.4166666666666667,1.25,1.5,12.840563323929238,1.364897772635488,1.132718179145783,1.4242837374786461,-0.29156555833286346,0.0,0.0,0.0,0.0,0.0,0.0,0.0,0.0,0.0,0.0,0.0,0.0,0.0,0.0,1.28,1.28,1.28,1.28
Elba Island,1516.531290027745,2,2,3.0,4.5,1.0,0.12061902058179877,2.9999999999999996,4.540267064813497,0.9194658703730059,3.620801194440491,0.0,0.0,0.0,0.0,0.0,0.0,0.0,0.0,0.0,0.0,0.0,0.0,0.0,0.0,1.28,1.28,1.28,1.28
Vietnam,1514.056797574098,297,12,2.75,2.5833333333333335,0.8333333333333334,12.621794702215134,1.9559248326450114,1.8603333808588447,1.104420025927739,0.7559133549311059,0.0,0.0,0.0,0.0,0.0,0.0,0.0,0.0,0.0,0.0,0.0,0.0,0.0,0.0,1.28,1.28,1.28,1.28
Parishes of Jersey,1513.7695395849357,3,3,2.0,3.6666666666666665,1.3333333333333333,0.019830452020179346,1.8707634716145056,3.8870693697683767,1.3771276745750534,2.5099416951933233,0.0,0.0,0.0,0.0,0.0,0.0,0.0,0.0,0.0,0.0,0.0,0.0,0.0,0.0,1.28,1.28,1.28,1.28
Western Armenia,1513.5687773887946,16,12,1.25,1.6666666666666667,1.3333333333333333,0.06479929826854133,1.216011160635916,1.8250148703944105,1.1461874060866366,0.6788274643077742,0.0,0.0,0.0,0.0,0.0,0.0,0.0,0.0,0.0,0.0,0.0,0.0,0.0,0.0,1.28,1.28,1.28,1.28
Galicia,1512.901083632858,12,12,1.5,1.75,1.9166666666666667,0.23593369003101666,0.004268930248846984,0.004901126648383092,1.9996901719747762,-1.9947890453263928,0.0,0.0,0.0,0.0,0.0,0.0,0.0,0.0,0.0,0.0,0.0,0.0,0.0,0.0,1.28,1.28,1.28,1.28
Gambia,1511.8636319982825,266,12,1.5,2.1666666666666665,1.5833333333333333,11.410592274722648,1.2312568387985268,1.8263914094250906,1.6570874155484756,0.16930399387661504,0.0,0.0,0.0,0.0,0.0,0.0,0.0,0.0,0.0,0.0,0.0,0.0,0.0,0.0,1.28,1.28,1.28,1.28
Biafra,1511.3000878406967,3,3,2.0,0.6666666666666666,0.3333333333333333,0.1765573220405388,2.0025316402402646,0.6675105467467549,0.33248945325324525,0.3350210934935096,0.0,0.0,0.0,0.0,0.0,0.0,0.0,0.0,0.0,0.0,0.0,0.0,0.0,0.0,1.28,1.28,1.28,1.28
Indonesia,1510.870209639156,728,12,1.5833333333333333,1.5833333333333333,1.3333333333333333,16.594529450342375,1.497029256861929,1.5370360731196908,1.2744218726597232,0.2626142004599678,0.0,0.0,0.0,0.0,0.0,0.0,0.0,0.0,0.0,0.0,0.0,0.0,0.0,0.0,1.28,1.28,1.28,1.28
Trinidad and Tobago,1509.5245777129521,753,12,0.75,0.9166666666666666,2.0,18.993552357130923,1.0320180069479008,1.3030663206919628,1.9734667162671113,-0.6704003955751489,0.0,0.0,0.0,0.0,0.0,0.0,0.0,0.0,0.0,0.0,0.0,0.0,0.0,0.0,1.28,1.28,1.28,1.28
Asturias,1509.4682868875914,1,1,3.0,3.0,1.0,7.501496790176186e-32,3.0,3.0,1.0,2.0,0.0,0.0,0.0,0.0,0.0,0.0,0.0,0.0,0.0,0.0,0.0,0.0,0.0,0.0,1.28,1.28,1.28,1.28
Surrey,1509.3777320290294,1,1,3.0,3.0,1.0,0.003552409714159456,2.9999999999999996,2.9999999999999996,1.0,2.0,0.0,0.0,0.0,0.0,0.0,0.0,0.0,0.0,0.0,0.0,0.0,0.0,0.0,0.0,1.28,1.28,1.28,1.28
Silesia,1508.3215220941677,8,8,1.375,3.0,2.125,1.302139160071508e-06,1.0000000003515674,1.0000000010547028,1.000000000175784,8.789187289174367e-10,0.0,0.0,0.0,0.0,0.0,0.0,0.0,0.0,0.0,0.0,0.0,0.0,0.0,0.0,1.28,1.28,1.28,1.28
Canary Islands,1508.1774911622986,4,4,2.25,2.75,0.75,2.765924784121505e-06,2.9404204545899457,1.9648028991109325,0.03997536266271153,1.924827536448221,0.0,0.0,0.0,0.0,0.0,0.0,0.0,0.0,0.0,0.0,0.0,0.0,0.0,0.0,1.28,1.28,1.28,1.28
United Koreans in Japan,1507.611197240836,12,12,1.25,1.6666666666666667,0.9166666666666666,0.028512993889305283,1.2228500107792255,1.4678022694694268,0.7583985231569673,0.7094037463124595,0.0,0.0,0.0,0.0,0.0,0.0,0.0,0.0,0.0,0.0,0.0,0.0,0.0,0.0,1.28,1.28,1.28,1.28
Brittany,1506.4885673754966,12,12,1.75,1.5,1.25,0.0001765775399082096,2.2647806179050116,0.8756895244921366,0.42597512418092165,0.44971440031121485,0.0,0.0,0.0,0.0,0.0,0.0,0.0,0.0,0.0,0.0,0.0,0.0,0.0,0.0,1.28,1.28,1.28,1.28
Donetsk PR,1506.4854076697636,6,6,1.3333333333333333,1.3333333333333333,1.1666666666666667,0.005683999611958517,1.7996904874146973,1.4299534972894319,1.0153425676340488,0.41461092965538304,0.0,0.0,0.0,0.0,0.0,0.0,0.0,0.0,0.0,0.0,0.0,0.0,0.0,0.0,1.28,1.28,1.28,1.28
Bulgaria,1506.1725778721254,736,12,0.9166666666666666,1.5,2.5,14.694512668897179,1.0135139455009972,1.3129867909346402,1.863793365503671,-0.5508065745690309,0.0,0.0,0.0,0.0,0.0,0.0,0.0,0.0,0.0,0.0,0.0,0.0,0.0,0.0,1.28,1.28,1.28,1.28
Shetland,1505.2866345551138,58,12,1.1666666666666667,2.0833333333333335,2.0,2.1213663214856693,1.0539027685437887,1.753783892372355,1.6449783529061865,0.1088055394661683,0.0,0.0,0.0,0.0,0.0,0.0,0.0,0.0,0.0,0.0,0.0,0.0,0.0,0.0,1.28,1.28,1.28,1.28
Guyana,1503.9384607999639,313,12,2.0,2.3333333333333335,1.6666666666666667,10.059101244578134,1.8962384518191515,2.1550425922818173,1.4480803350144136,0.7069622572674035,0.0,0.0,0.0,0.0,0.0,0.0,0.0,0.0,0.0,0.0,0.0,0.0,0.0,0.0,1.28,1.28,1.28,1.28
Mapuche,1503.515886101526,2,2,1.5,1.5,1.0,0.12346657494025282,1.5014242746005142,1.5014242746005142,1.0,0.5014242746005142,0.0,0.0,0.0,0.0,0.0,0.0,0.0,0.0,0.0,0.0,0.0,0.0,0.0,0.0,1.28,1.28,1.28,1.28
North Korea,1501.4946321139487,390,12,0.3333333333333333,0.9166666666666666,2.0,5.842481063799476,0.6813944712459233,1.1117526646741585,1.7525469970079146,-0.640794332333756,0.0,0.0,0.0,0.0,0.0,0.0,0.0,0.0,0.0,0.0,0.0,0.0,0.0,0.0,1.28,1.28,1.28,1.28
Délvidék,1500.0632097155162,2,2,1.5,2.0,1.5,0.0020992827215523084,1.4971514533671677,1.998100968911445,1.5009495155442771,0.49715145336716776,0.0,0.0,0.0,0.0,0.0,0.0,0.0,0.0,0.0,0.0,0.0,0.0,0.0,0.0,1.28,1.28,1.28,1.28
Crimea,1499.9832730357389,5,5,1.8,1.4,2.2,6.299129962778795e-06,1.7990786819420335,1.4018188191318477,2.199779948739688,-0.7979611296078403,0.0,0.0,0.0,0.0,0.0,0.0,0.0,0.0,0.0,0.0,0.0,0.0,0.0,0.0,1.28,1.28,1.28,1.28
Zanzibar,1499.892192816538,209,12,1.9166666666666667,1.3333333333333333,1.0833333333333333,1.4789265158397826,2.245577398378932,1.0092070758909675,0.5097131177071892,0.4994939581837784,0.0,0.0,0.0,0.0,0.0,0.0,0.0,0.0,0.0,0.0,0.0,0.0,0.0,0.0,1.28,1.28,1.28,1.28
Székely Land,1497.8166799638454,27,12,1.1666666666666667,2.25,2.0833333333333335,0.3294395325909256,2.495152077034174,4.229220285590296,1.3077053609491185,2.921514924641177,0.0,0.0,0.0,0.0,0.0,0.0,0.0,0.0,0.0,0.0,0.0,0.0,0.0,0.0,1.28,1.28,1.28,1.28
Saugeais,1497.8165084331583,1,1,1.0,1.0,1.0,0.00012276774407365794,1.0,1.0,1.0,0.0,0.0,0.0,0.0,0.0,0.0,0.0,0.0,0.0,0.0,0.0,0.0,0.0,0.0,0.0,1.28,1.28,1.28,1.28
Felvidék,1497.5573830713413,12,12,1.4166666666666667,1.1666666666666667,1.6666666666666667,0.012503492901948432,1.5072291113354914,1.0094272212793869,1.1934255879966031,-0.18399836671721617,0.0,0.0,0.0,0.0,0.0,0.0,0.0,0.0,0.0,0.0,0.0,0.0,0.0,0.0,1.28,1.28,1.28,1.28
Dominican Republic,1497.2299255856344,159,12,0.8333333333333334,1.4166666666666667,1.6666666666666667,13.182192983940071,1.3309895075529103,1.9590803551630187,1.4419294894091808,0.5171508657538381,0.0,0.0,0.0,0.0,0.0,0.0,0.0,0.0,0.0,0.0,0.0,0.0,0.0,0.0,1.28,1.28,1.28,1.28
Central Spain,1497.2214088689789,2,2,1.5,1.0,2.0,1.8825646795211514e-31,2.0075816536466964,1.0,1.3232244618044045,-0.3232244618044044,0.0,0.0,0.0,0.0,0.0,0.0,0.0,0.0,0.0,0.0,0.0,0.0,0.0,0.0,1.28,1.28,1.28,1.28
Togo,1496.496933449533,447,12,1.3333333333333333,1.25,1.0,11.439107543375313,1.3157742603935791,1.2968782003608363,1.1520176270256175,0.1448605733352188,0.0,0.0,0.0,0.0,0.0,0.0,0.0,0.0,0.0,0.0,0.0,0.0,0.0,0.0,1.28,1.28,1.28,1.28
Papua New Guinea,1495.973321200904,155,12,1.5833333333333333,1.6666666666666667,1.75,6.95663921007654,1.548028663588223,1.4864522470205423,1.6180860125532113,-0.13163376553266912,0.0,0.0,0.0,0.0,0.0,0.0,0.0,0.0,0.0,0.0,0.0,0.0,0.0,0.0,1.28,1.28,1.28,1.28
Madagascar,1494.1662857332567,320,12,1.5833333333333333,1.75,1.75,11.982288681148699,1.4164647319537331,1.5042248094374346,1.5937496728493976,-0.08952486341196292,0.0,0.0,0.0,0.0,0.0,0.0,0.0,0.0,0.0,0.0,0.0,0.0,0.0,0.0,1.28,1.28,1.28,1.28
Republic of St. Pauli,1494.1122601367829,4,4,1.0,2.5,1.25,3.6188988092920362e-06,0.9971492077731955,2.496433581835359,1.2522563891993643,1.2441771926359946,0.0,0.0,0.0,0.0,0.0,0.0,0.0,0.0,0.0,0.0,0.0,0.0,0.0,0.0,1.28,1.28,1.28,1.28
Cilento,1493.7296255755014,1,1,0.0,0.0,2.0,4.3363758006768076e-05,0.0,0.0,2.0,-2.0,0.0,0.0,0.0,0.0,0.0,0.0,0.0,0.0,0.0,0.0,0.0,0.0,0.0,0.0,1.28,1.28,1.28,1.28
Madrid,1493.4208973793618,1,1,0.0,1.0,2.0,0.00011774432973596327,0.0,1.0,2.0,-1.0,0.0,0.0,0.0,0.0,0.0,0.0,0.0,0.0,0.0,0.0,0.0,0.0,0.0,0.0,1.28,1.28,1.28,1.28
Sápmi,1492.39214678662,29,12,1.0,1.4166666666666667,2.0833333333333335,0.1736204150020853,0.18360689998808655,1.0310072388165672,2.144055549980748,-1.113048311164181,0.0,0.0,0.0,0.0,0.0,0.0,0.0,0.0,0.0,0.0,0.0,0.0,0.0,0.0,1.28,1.28,1.28,1.28
Seborga,1492.032794017043,1,1,0.0,2.0,3.0,0.00026592143099667776,0.0,2.0,3.0,-1.0,0.0,0.0,0.0,0.0,0.0,0.0,0.0,0.0,0.0,0.0,0.0,0.0,0.0,0.0,1.28,1.28,1.28,1.28
Luhansk PR,1491.4907656154348,6,6,1.1666666666666667,1.5,2.0,0.021761677947247197,1.594380726848044,2.1107720744183283,2.448160247012273,-0.33738817259394427,0.0,0.0,0.0,0.0,0.0,0.0,0.0,0.0,0.0,0.0,0.0,0.0,0.0,0.0,1.28,1.28,1.28,1.28
North Vietnam,1490.367832960227,24,12,1.25,2.0833333333333335,1.5,2.4769029460665582e-17,2.3817100133829845,2.2318429849928507,1.1887552107199033,1.0430877742729476,0.0,0.0,0.0,0.0,0.0,0.0,0.0,0.0,0.0,0.0,0.0,0.0,0.0,0.0,1.28,1.28,1.28,1.28
El Salvador,1489.3477418012014,614,12,0.6666666666666666,0.4166666666666667,1.5,17.492892631042633,1.059779705948908,0.8061597316996346,1.2265959943765603,-0.4204362626769257,0.0,0.0,0.0,0.0,0.0,0.0,0.0,0.0,0.0,0.0,0.0,0.0,0.0,0.0,1.28,1.28,1.28,1.28
Sealand,1488.9656842777524,12,12,1.4166666666666667,2.25,2.5,0.001767824131666517,1.760229337999014,2.704180184389173,2.2930724254926216,0.4111077588965515,0.0,0.0,0.0,0.0,0.0,0.0,0.0,0.0,0.0,0.0,0.0,0.0,0.0,0.0,1.28,1.28,1.28,1.28
Nicaragua,1488.9170015201148,222,12,0.75,0.5833333333333334,1.9166666666666667,13.820607639925672,0.996292328176053,0.9618594054025377,1.5918865966068598,-0.630027191204322,0.0,0.0,0.0,0.0,0.0,0.0,0.0,0.0,0.0,0.0,0.0,0.0,0.0,0.0,1.28,1.28,1.28,1.28
Kuwait,1488.685437536978,684,12,0.8333333333333334,1.25,2.0833333333333335,15.766281879785218,1.0343822831952205,1.2395853000909614,1.7035797624792939,-0.46399446238833253,0.0,0.0,0.0,0.0,0.0,0.0,0.0,0.0,0.0,0.0,0.0,0.0,0.0,0.0,1.28,1.28,1.28,1.28
Franconia,1488.568204887307,3,3,2.0,2.6666666666666665,3.6666666666666665,0.008603821786150222,2.8047993966455538,3.7397325288607384,3.168294182312658,0.5714383465480802,0.0,0.0,0.0,0.0,0.0,0.0,0.0,0.0,0.0,0.0,0.0,0.0,0.0,0.0,1.28,1.28,1.28,1.28
Montenegro,1488.3222039706466,170,12,1.1666666666666667,1.25,2.0,14.671880338783893,1.2933426637309418,1.2493833981490248,1.6421034754358812,-0.3927200772868564,0.0,0.0,0.0,0.0,0.0,0.0,0.0,0.0,0.0,0.0,0.0,0.0,0.0,0.0,1.28,1.28,1.28,1.28
Yoruba Nation,1487.679902480982,2,2,0.5,0.5,1.0,0.11740710665016679,0.49905048445572264,0.49905048445572264,1.0,-0.5009495155442775,0.0,0.0,0.0,0.0,0.0,0.0,0.0,0.0,0.0,0.0,0.0,0.0,0.0,0.0,1.28,1.28,1.28,1.28
Matabeleland,1486.3131890695588,8,8,1.375,0.875,1.75,0.19509522887651276,1.3381688813670252,0.6973478537550559,0.8325403236145923,-0.13519246985953642,0.0,0.0,0.0,0.0,0.0,0.0,0.0,0.0,0.0,0.0,0.0,0.0,0.0,0.0,1.28,1.28,1.28,1.28
Gozo,1486.034972201204,14,12,1.1666666666666667,2.3333333333333335,1.5,2.079287263010987,0.8737234969820613,1.0034454861820026,1.3798426060970281,-0.3763971199150255,0.0,0.0,0.0,0.0,0.0,0.0,0.0,0.0,0.0,0.0,0.0,0.0,0.0,0.0,1.28,1.28,1.28,1.28
Gotland,1485.269858627752,30,12,0.75,2.75,2.3333333333333335,0.009966889264789704,1.191408636543182,3.6260457160574058,1.5720676095819992,2.0539781064754057,0.0,0.0,0.0,0.0,0.0,0.0,0.0,0.0,0.0,0.0,0.0,0.0,0.0,0.0,1.28,1.28,1.28,1.28
Somaliland,1484.2767050059056,6,6,1.1666666666666667,2.3333333333333335,3.3333333333333335,0.011034633383830136,0.5292946386549042,2.172164646921363,4.901359866974924,-2.729195220053562,0.0,0.0,0.0,0.0,0.0,0.0,0.0,0.0,0.0,0.0,0.0,0.0,0.0,0.0,1.28,1.28,1.28,1.28
South Yemen,1482.3296651673352,3,3,0.0,0.3333333333333333,2.6666666666666665,2.233143200773552e-13,0.0,0.33333173052678255,2.665399846059578,-2.3320681155327954,0.0,0.0,0.0,0.0,0.0,0.0,0.0,0.0,0.0,0.0,0.0,0.0,0.0,0.0,1.28,1.28,1.28,1.28
Ryūkyū,1481.4746520400997,1,1,0.0,0.0,9.0,0.0013083078865126182,0.0,0.0,9.0,-9.0,0.0,0.0,0.0,0.0,0.0,0.0,0.0,0.0,0.0,0.0,0.0,0.0,0.0,0.0,1.28,1.28,1.28,1.28
Zimbabwe,1480.83231237542,496,12,0.9166666666666666,0.9166666666666666,1.25,13.920289850588443,0.9951119474447838,0.9354156884710442,1.21856598535979,-0.28315029688874593,0.0,0.0,0.0,0.0,0.0,0.0,0.0,0.0,0.0,0.0,0.0,0.0,0.0,0.0,1.28,1.28,1.28,1.28
Vanuatu,1480.3999499749373,214,12,1.4166666666666667,1.5,2.1666666666666665,7.948606814127919,1.4950622827578504,1.499567688852356,1.9240249449240145,-0.4244572560716588,0.0,0.0,0.0,0.0,0.0,0.0,0.0,0.0,0.0,0.0,0.0,0.0,0.0,0.0,1.28,1.28,1.28,1.28
West Papua,1480.164244564251,2,2,0.5,1.5,4.5,0.09158294758891433,0.8936725936965819,1.1063274063034179,1.744291844123926,-0.6379644378205082,0.0,0.0,0.0,0.0,0.0,0.0,0.0,0.0,0.0,0.0,0.0,0.0,0.0,0.0,1.28,1.28,1.28,1.28
South Ossetia,1479.761200059948,17,12,1.1666666666666667,1.25,2.3333333333333335,0.06567309415027413,1.6621037907365834,1.6802512731823431,1.6105732478586394,0.06967802532370361,0.0,0.0,0.0,0.0,0.0,0.0,0.0,0.0,0.0,0.0,0.0,0.0,0.0,0.0,1.28,1.28,1.28,1.28
Åland Islands,1479.1053375939011,51,12,1.0833333333333333,0.8333333333333334,1.4166666666666667,0.526138941554134,0.28027962230519654,0.5132984274769442,2.219394508865079,-1.7060960813881347,0.0,0.0,0.0,0.0,0.0,0.0,0.0,0.0,0.0,0.0,0.0,0.0,0.0,0.0,1.28,1.28,1.28,1.28
Kenya,1476.0107612949223,706,12,1.3333333333333333,1.5,1.8333333333333333,12.665196244288573,1.2905299115056754,1.2670782157789149,1.4501005542570116,-0.1830223384780968,0.0,0.0,0.0,0.0,0.0,0.0,0.0,0.0,0.0,0.0,0.0,0.0,0.0,0.0,1.28,1.28,1.28,1.28
Aymara,1474.3385424502562,2,2,0.0,0.5,2.0,0.1237012648577784,0.0,0.49952524179982843,1.9990504835996568,-1.4995252417998284,0.0,0.0,0.0,0.0,0.0,0.0,0.0,0.0,0.0,0.0,0.0,0.0,0.0,0.0,1.28,1.28,1.28,1.28
Mozambique,1473.8128268834123,375,12,0.8333333333333334,0.8333333333333334,1.75,15.064870286972,1.1206722104213998,1.0697537506163615,1.576718395547524,-0.5069646449311627,0.0,0.0,0.0,0.0,0.0,0.0,0.0,0.0,0.0,0.0,0.0,0.0,0.0,0.0,1.28,1.28,1.28,1.28
Hmong,1472.5548836563285,3,3,1.0,2.0,3.3333333333333335,0.4066515441735248,0.9987295733359649,1.9993611803543359,3.332909857778655,-1.3335486774243195,0.0,0.0,0.0,0.0,0.0,0.0,0.0,0.0,0.0,0.0,0.0,0.0,0.0,0.0,1.28,1.28,1.28,1.28
Romani people,1471.414464231752,7,7,0.8571428571428571,1.8571428571428572,3.7142857142857144,0.0031800921993550995,0.45627558771102783,1.3310819316227231,2.8872787807238933,-1.5561968491011697,0.0,0.0,0.0,0.0,0.0,0.0,0.0,0.0,0.0,0.0,0.0,0.0,0.0,0.0,1.28,1.28,1.28,1.28
Kabylia,1471.2831756389357,6,6,0.8333333333333334,1.3333333333333333,2.5,0.022535847144534465,0.835332163218024,1.3400802867728456,2.491158833214577,-1.1510785464417317,0.0,0.0,0.0,0.0,0.0,0.0,0.0,0.0,0.0,0.0,0.0,0.0,0.0,0.0,1.28,1.28,1.28,1.28
Martinique,1470.467093362413,331,12,0.75,0.5833333333333334,1.0833333333333333,6.985148668586207,0.8070439180809809,0.7525235476401568,1.3189426320611273,-0.5664190844209703,0.0,0.0,0.0,0.0,0.0,0.0,0.0,0.0,0.0,0.0,0.0,0.0,0.0,0.0,1.28,1.28,1.28,1.28
Niger,1468.9864405677063,260,12,1.3333333333333333,1.1666666666666667,1.4166666666666667,13.695430662770086,1.1239865079569087,1.1779883744639503,1.2880443350673432,-0.11005596060339301,0.0,0.0,0.0,0.0,0.0,0.0,0.0,0.0,0.0,0.0,0.0,0.0,0.0,0.0,1.28,1.28,1.28,1.28
Provence,1468.8236105714802,23,12,1.25,4.833333333333333,1.8333333333333333,0.0008037118936838519,1.3783541648833941,6.088665839014594,1.798250467339864,4.2904153716747295,0.0,0.0,0.0,0.0,0.0,0.0,0.0,0.0,0.0,0.0,0.0,0.0,0.0,0.0,1.28,1.28,1.28,1.28
East Turkestan,1468.5789997475465,5,5,1.2,3.0,3.2,1.5493277295219743,1.0055787407629266,2.352011543991372,3.653404752840661,-1.3013932088492899,0.0,0.0,0.0,0.0,0.0,0.0,0.0,0.0,0.0,0.0,0.0,0.0,0.0,0.0,1.28,1.28,1.28,1.28
Comoros,1466.933876507732,151,12,1.0833333333333333,1.0833333333333333,1.25,18.39418835401366,1.204511378530261,1.075570095557789,1.2633508657264247,-0.1877807701686359,0.0,0.0,0.0,0.0,0.0,0.0,0.0,0.0,0.0,0.0,0.0,0.0,0.0,0.0,1.28,1.28,1.28,1.28
Rwanda,1466.360051265338,280,12,1.0833333333333333,0.8333333333333334,1.1666666666666667,10.105645286011065,1.2478593300019405,0.9256754098721421,0.9981111423227285,-0.07243573245058625,0.0,0.0,0.0,0.0,0.0,0.0,0.0,0.0,0.0,0.0,0.0,0.0,0.0,0.0,1.28,1.28,1.28,1.28
Chechnya,1466.122527886829,3,3,0.3333333333333333,1.0,9.666666666666666,1.6461091552764915e-06,0.2869377986410356,1.026486794170908,10.104135219418737,-9.07764842524783,0.0,0.0,0.0,0.0,0.0,0.0,0.0,0.0,0.0,0.0,0.0,0.0,0.0,0.0,1.28,1.28,1.28,1.28
Saarland,1464.6214757482478,9,9,0.5555555555555556,1.1111111111111112,2.888888888888889,3.053650884554878e-21,0.38711772483469586,1.242343459965553,2.5928035189707543,-1.3504600590052018,0.0,0.0,0.0,0.0,0.0,0.0,0.0,0.0,0.0,0.0,0.0,0.0,0.0,0.0,1.28,1.28,1.28,1.28
Mayotte,1463.730326173896,38,12,1.75,1.3333333333333333,0.8333333333333334,0.32553886608764293,1.1095709818226696,0.21748235187107315,0.11306556005500072,0.10441679181607243,0.0,0.0,0.0,0.0,0.0,0.0,0.0,0.0,0.0,0.0,0.0,0.0,0.0,0.0,1.28,1.28,1.28,1.28
Găgăuzia,1462.3052385637352,3,3,0.3333333333333333,0.6666666666666666,3.0,3.767984625388733e-06,0.3339665444280191,0.6672994770586304,2.9993651860944266,-2.332065709035796,0.0,0.0,0.0,0.0,0.0,0.0,0.0,0.0,0.0,0.0,0.0,0.0,0.0,0.0,1.28,1.28,1.28,1.28
Lebanon,1462.095051434188,333,12,1.8333333333333333,2.0,0.5833333333333334,11.031948698617507,1.449988735129007,1.4660781161396008,0.8612532344153738,0.6048248817242271,0.0,0.0,0.0,0.0,0.0,0.0,0.0,0.0,0.0,0.0,0.0,0.0,0.0,0.0,1.28,1.28,1.28,1.28
Niue,1458.555672780862,2,2,0.0,0.0,16.5,2.4907404366639607e-13,0.0,0.0,16.504747577721385,-16.504747577721385,0.0,0.0,0.0,0.0,0.0,0.0,0.0,0.0,0.0,0.0,0.0,0.0,0.0,0.0,1.28,1.28,1.28,1.28
Manchukuo,1455.793178742708,3,3,0.0,0.0,5.333333333333333,7.346923602905238e-26,0.0,0.0,3.9460966940108952,-3.9460966940108952,0.0,0.0,0.0,0.0,0.0,0.0,0.0,0.0,0.0,0.0,0.0,0.0,0.0,0.0,1.28,1.28,1.28,1.28
Kazakhstan,1455.5889192109878,269,12,1.0,1.0,1.5833333333333333,15.024862138591802,1.0996003563588617,1.0204845135648284,1.6213864848775952,-0.6009019713127669,0.0,0.0,0.0,0.0,0.0,0.0,0.0,0.0,0.0,0.0,0.0,0.0,0.0,0.0,1.28,1.28,1.28,1.28
Sudan,1455.5010290377595,469,12,0.6666666666666666,0.4166666666666667,1.5,15.165823432767516,0.9097224663392111,0.5382952612994263,1.252627038552074,-0.7143317772526477,0.0,0.0,0.0,0.0,0.0,0.0,0.0,0.0,0.0,0.0,0.0,0.0,0.0,0.0,1.28,1.28,1.28,1.28
Palau,1455.045082473496,2,2,0.0,2.0,10.5,3.960143780999563e-09,0.0,2.0,14.99670225023235,-12.99670225023235,0.0,0.0,0.0,0.0,0.0,0.0,0.0,0.0,0.0,0.0,0.0,0.0,0.0,0.0,1.28,1.28,1.28,1.28
Western Isles,1454.253545450171,34,12,1.1666666666666667,1.3333333333333333,1.8333333333333333,1.6005816547384464,0.833126999180655,1.3311227788785251,1.627373868167365,-0.2962510892888398,0.0,0.0,0.0,0.0,0.0,0.0,0.0,0.0,0.0,0.0,0.0,0.0,0.0,0.0,1.28,1.28,1.28,1.28
Saint Barthélemy,1454.2069275395456,10,10,1.3,2.5,3.0,0.23150838058612722,1.5132016239950488,3.40107097397912,2.0598982428759873,1.3411727311031327,0.0,0.0,0.0,0.0,0.0,0.0,0.0,0.0,0.0,0.0,0.0,0.0,0.0,0.0,1.28,1.28,1.28,1.28
Monaco,1454.0407097156883,24,12,0.9166666666666666,1.1666666666666667,5.333333333333333,0.00252020546843521,1.1454941498435753,0.3781626920460719,1.1727719993472117,-0.7946093073011398,0.0,0.0,0.0,0.0,0.0,0.0,0.0,0.0,0.0,0.0,0.0,0.0,0.0,0.0,1.28,1.28,1.28,1.28
Tajikistan,1452.0957544928444,201,12,2.1666666666666665,2.1666666666666665,1.1666666666666667,11.587225619284062,1.75874711776713,1.7104456415800422,1.0002566157531683,0.7101890258268742,0.0,0.0,0.0,0.0,0.0,0.0,0.0,0.0,0.0,0.0,0.0,0.0,0.0,0.0,1.28,1.28,1.28,1.28
Mauritania,1451.2807363744014,273,12,0.9166666666666666,0.5833333333333334,1.0833333333333333,15.098778593209412,0.9869993956729114,0.660837999884766,1.1424673518491364,-0.4816293519643704,0.0,0.0,0.0,0.0,0.0,0.0,0.0,0.0,0.0,0.0,0.0,0.0,0.0,0.0,1.28,1.28,1.28,1.28
Kyrgyzstan,1451.1886106311952,191,12,0.8333333333333334,1.0,1.6666666666666667,11.147588250651799,0.8884953102170869,1.0359164452531102,1.5121093442456282,-0.476192898992518,0.0,0.0,0.0,0.0,0.0,0.0,0.0,0.0,0.0,0.0,0.0,0.0,0.0,0.0,1.28,1.28,1.28,1.28
Greenland,1450.4794340012181,77,12,1.75,1.5,1.9166666666666667,0.6392776105394158,0.8394672476682857,1.0403083609773154,3.323387211439358,-2.2830788504620427,0.0,0.0,0.0,0.0,0.0,0.0,0.0,0.0,0.0,0.0,0.0,0.0,0.0,0.0,1.28,1.28,1.28,1.28
Sierra Leone,1449.2832271564057,301,12,1.5,1.0833333333333333,1.0,10.754392528559254,1.2802211215273265,1.1039304183991632,1.3517120924886654,-0.2477816740895021,0.0,0.0,0.0,0.0,0.0,0.0,0.0,0.0,0.0,0.0,0.0,0.0,0.0,0.0,1.28,1.28,1.28,1.28
Fiji,1448.6798140540814,268,12,0.8333333333333334,0.9166666666666666,2.5833333333333335,9.632251287538892,0.990544293798814,1.358061241935734,2.107862558254469,-0.7498013163187356,0.0,0.0,0.0,0.0,0.0,0.0,0.0,0.0,0.0,0.0,0.0,0.0,0.0,0.0,1.28,1.28,1.28,1.28
French Guiana,1444.8663910070152,179,12,1.0,1.4166666666666667,1.4166666666666667,3.662259121302877,1.0047983218785763,1.4323740712981612,1.5041380604727592,-0.07176398917459773,0.0,0.0,0.0,0.0,0.0,0.0,0.0,0.0,0.0,0.0,0.0,0.0,0.0,0.0,1.28,1.28,1.28,1.28
Vatican City,1443.6399352546266,8,8,0.375,0.75,2.625,0.0641424510091403,0.12921415917545537,1.933711618995363,3.67762594044823,-1.7439143214528667,0.0,0.0,0.0,0.0,0.0,0.0,0.0,0.0,0.0,0.0,0.0,0.0,0.0,0.0,1.28,1.28,1.28,1.28
Western Australia,1443.4401215923494,32,12,0.9166666666666666,1.3333333333333333,1.9166666666666667,3.731594668343761e-14,1.9830262339118,1.4969555802762473,0.5178987154807259,0.9790568647955215,0.0,0.0,0.0,0.0,0.0,0.0,0.0,0.0,0.0,0.0,0.0,0.0,0.0,0.0,1.28,1.28,1.28,1.28
Ambazonia,1442.2242606873212,6,6,0.16666666666666666,0.5,2.8333333333333335,7.3482256929434454e-06,0.06427822947673939,0.3779746135649825,2.9357217705232608,-2.557747156958278,0.0,0.0,0.0,0.0,0.0,0.0,0.0,0.0,0.0,0.0,0.0,0.0,0.0,0.0,1.28,1.28,1.28,1.28
Western Sahara,1438.1387938641217,9,9,0.7777777777777778,1.7777777777777777,4.222222222222222,0.0005626037607107308,0.6284926840853982,1.630139720513037,5.666490250815006,-4.036350530301969,0.0,0.0,0.0,0.0,0.0,0.0,0.0,0.0,0.0,0.0,0.0,0.0,0.0,0.0,1.28,1.28,1.28,1.28
Equatorial Guinea,1437.4401943293797,179,12,0.75,0.75,1.5,15.363419836004415,1.0379022399765114,0.8724820528512917,1.2905050639122964,-0.41802301106100465,0.0,0.0,0.0,0.0,0.0,0.0,0.0,0.0,0.0,0.0,0.0,0.0,0.0,0.0,1.28,1.28,1.28,1.28
Orkney,1436.5390226884886,28,12,1.5833333333333333,1.8333333333333333,2.0,2.510316075253137,2.0873317031085823,2.349318611503088,1.749108431118711,0.600210180384377,0.0,0.0,0.0,0.0,0.0,0.0,0.0,0.0,0.0,0.0,0.0,0.0,0.0,0.0,1.28,1.28,1.28,1.28
Two Sicilies,1435.139076572807,6,6,0.5,0.5,3.0,0.25364454060228914,0.0001717799897326853,0.49952491465288584,5.001209294005579,-4.501684379352693,0.0,0.0,0.0,0.0,0.0,0.0,0.0,0.0,0.0,0.0,0.0,0.0,0.0,0.0,1.28,1.28,1.28,1.28
Ticino,1434.5541287123435,2,2,0.0,1.0,6.5,0.25898498132675685,0.0,1.0,6.428839704571422,-5.428839704571422,0.0,0.0,0.0,0.0,0.0,0.0,0.0,0.0,0.0,0.0,0.0,0.0,0.0,0.0,1.28,1.28,1.28,1.28
Malawi,1429.9998526025413,644,12,1.25,1.0,0.8333333333333334,12.630381942376617,1.07557213418035,0.8589093606652466,1.0478865758348495,-0.18897721516960275,0.0,0.0,0.0,0.0,0.0,0.0,0.0,0.0,0.0,0.0,0.0,0.0,0.0,0.0,1.28,1.28,1.28,1.28
Raetia,1427.9669356467941,26,12,0.8333333333333334,2.0833333333333335,3.75,0.4957480054481899,1.8895643874174166,4.023864193706878,1.9174355012589703,2.106428692447907,0.0,0.0,0.0,0.0,0.0,0.0,0.0,0.0,0.0,0.0,0.0,0.0,0.0,0.0,1.28,1.28,1.28,1.28
Cuba,1425.8390407129814,397,12,1.1666666666666667,1.25,1.75,11.736141133842583,1.1220566664887146,1.1578092343416515,1.7269389218427527,-0.5691296875011012,0.0,0.0,0.0,0.0,0.0,0.0,0.0,0.0,0.0,0.0,0.0,0.0,0.0,0.0,1.28,1.28,1.28,1.28
Vietnam Republic,1423.5406244406265,195,12,1.1666666666666667,1.0,1.6666666666666667,6.650185992790589e-15,1.040327024275818,1.2068895163210203,1.778290200038803,-0.5714006837177829,0.0,0.0,0.0,0.0,0.0,0.0,0.0,0.0,0.0,0.0,0.0,0.0,0.0,0.0,1.28,1.28,1.28,1.28
Marshall Islands,1421.762456080856,2,2,0.0,1.0,3.5,1.1058901450899457,0.0,1.0018990310885547,3.4990504844557226,-2.497151453367168,0.0,0.0,0.0,0.0,0.0,0.0,0.0,0.0,0.0,0.0,0.0,0.0,0.0,0.0,1.28,1.28,1.28,1.28
Turkmenistan,1421.5346402300265,175,12,1.4166666666666667,1.5,1.5,5.667250118983458,1.4813557236645973,1.4389562778183742,1.3968148896563692,0.0421413881620051,0.0,0.0,0.0,0.0,0.0,0.0,0.0,0.0,0.0,0.0,0.0,0.0,0.0,0.0,1.28,1.28,1.28,1.28
Liberia,1420.1262908487256,302,12,1.0,1.1666666666666667,1.75,12.12622639163524,1.0127312806998428,1.0646825334450722,1.4920283708772448,-0.4273458374321725,0.0,0.0,0.0,0.0,0.0,0.0,0.0,0.0,0.0,0.0,0.0,0.0,0.0,0.0,1.28,1.28,1.28,1.28
Namibia,1414.541233065208,279,12,0.8333333333333334,0.5833333333333334,1.3333333333333333,11.591867813321073,0.8110977131998026,0.6373532538915148,1.3639276149524395,-0.7265743610609247,0.0,0.0,0.0,0.0,0.0,0.0,0.0,0.0,0.0,0.0,0.0,0.0,0.0,0.0,1.28,1.28,1.28,1.28
Luxembourg,1414.3229115656961,467,12,0.5833333333333334,0.3333333333333333,1.5,12.902327653433309,0.7428254885395268,0.5206277110521665,1.5150288116742756,-0.994401100622109,0.0,0.0,0.0,0.0,0.0,0.0,0.0,0.0,0.0,0.0,0.0,0.0,0.0,0.0,1.28,1.28,1.28,1.28
Estonia,1410.8354250432772,550,12,1.0,0.9166666666666666,1.8333333333333333,15.37592232113591,1.034500558531293,0.9374570204829688,1.758094528557394,-0.8206375080744251,0.0,0.0,0.0,0.0,0.0,0.0,0.0,0.0,0.0,0.0,0.0,0.0,0.0,0.0,1.28,1.28,1.28,1.28
Ethiopia,1408.9791283636553,409,12,1.0833333333333333,1.0833333333333333,1.75,10.067654642417793,1.152571857795663,0.9427767060788856,1.3509397637312066,-0.408163057652321,0.0,0.0,0.0,0.0,0.0,0.0,0.0,0.0,0.0,0.0,0.0,0.0,0.0,0.0,1.28,1.28,1.28,1.28
Tanzania,1407.4836713990933,599,12,0.5833333333333334,1.0833333333333333,1.25,15.056507503810632,0.8499075367621374,0.9235557937933928,1.1315593597852922,-0.20800356599189948,0.0,0.0,0.0,0.0,0.0,0.0,0.0,0.0,0.0,0.0,0.0,0.0,0.0,0.0,1.28,1.28,1.28,1.28
Botswana,1405.2220187084545,332,12,0.6666666666666666,0.6666666666666666,1.8333333333333333,12.002575343338448,0.9141444473345337,0.69329044742585,1.5887408709146496,-0.8954504234887994,0.0,0.0,0.0,0.0,0.0,0.0,0.0,0.0,0.0,0.0,0.0,0.0,0.0,0.0,1.28,1.28,1.28,1.28
Barawa,1404.87086154645,12,12,0.75,1.3333333333333333,3.8333333333333335,0.04243117783862313,0.766417329550228,1.2298292252632113,3.923817699573104,-2.6939884743098927,0.0,0.0,0.0,0.0,0.0,0.0,0.0,0.0,0.0,0.0,0.0,0.0,0.0,0.0,1.28,1.28,1.28,1.28
Micronesia,1404.6672785742016,7,7,0.42857142857142855,1.1428571428571428,8.428571428571429,5.02608679306625e-07,0.04549652894660462,0.12042992679744698,12.512157156237427,-12.391727229439981,0.0,0.0,0.0,0.0,0.0,0.0,0.0,0.0,0.0,0.0,0.0,0.0,0.0,0.0,1.28,1.28,1.28,1.28
Yemen DPR,1404.3753790022247,25,12,0.5,0.8333333333333334,2.8333333333333335,4.193337904537275e-11,0.7558581083030642,0.8498184455778852,2.431489643900726,-1.581671198322841,0.0,0.0,0.0,0.0,0.0,0.0,0.0,0.0,0.0,0.0,0.0,0.0,0.0,0.0,1.28,1.28,1.28,1.28
Puerto Rico,1404.330277040416,163,12,1.4166666666666667,1.5,1.75,10.08106096861798,1.461549837772451,1.801995073427352,1.6474492623249273,0.15454581110242452,0.0,0.0,0.0,0.0,0.0,0.0,0.0,0.0,0.0,0.0,0.0,0.0,0.0,0.0,1.28,1.28,1.28,1.28
Faroe Islands,1401.687173328639,287,12,1.75,1.1666666666666667,0.8333333333333334,13.825395569858795,1.3385921713213726,0.9964482951745065,1.1140242436652479,-0.11757594849074142,0.0,0.0,0.0,0.0,0.0,0.0,0.0,0.0,0.0,0.0,0.0,0.0,0.0,0.0,1.28,1.28,1.28,1.28
Sark,1399.959686508077,4,4,0.0,0.0,17.5,4.784263591185964e-07,0.0,0.0,17.49501200350957,-17.49501200350957,0.0,0.0,0.0,0.0,0.0,0.0,0.0,0.0,0.0,0.0,0.0,0.0,0.0,0.0,1.28,1.28,1.28,1.28
Lesotho,1399.7411886456578,296,12,1.0,0.6666666666666666,1.75,11.156835141859213,0.9210482470258856,0.6633559374372523,1.434348432833682,-0.7709924953964298,0.0,0.0,0.0,0.0,0.0,0.0,0.0,0.0,0.0,0.0,0.0,0.0,0.0,0.0,1.28,1.28,1.28,1.28
Saint Vincent and the Grenadines,1398.7948610652088,236,12,1.8333333333333333,2.4166666666666665,1.25,12.351379024941536,1.6623065784340856,2.08258360053559,1.5272305404113928,0.5553530601241974,0.0,0.0,0.0,0.0,0.0,0.0,0.0,0.0,0.0,0.0,0.0,0.0,0.0,0.0,1.28,1.28,1.28,1.28
Philippines,1398.5181382433657,342,12,2.25,2.5833333333333335,1.0833333333333333,11.839110933214656,1.7154334935725901,2.157393953318689,1.352751704655307,0.8046422486633822,0.0,0.0,0.0,0.0,0.0,0.0,0.0,0.0,0.0,0.0,0.0,0.0,0.0,0.0,1.28,1.28,1.28,1.28
Solomon Islands,1398.5106321337933,214,12,0.5,1.3333333333333333,2.75,8.644145946317469,0.8543555288990436,1.5452263286829069,2.61625693409978,-1.0710306054168732,0.0,0.0,0.0,0.0,0.0,0.0,0.0,0.0,0.0,0.0,0.0,0.0,0.0,0.0,1.28,1.28,1.28,1.28
Burundi,1397.1068473336031,218,12,0.6666666666666666,0.5,1.3333333333333333,9.158528028592459,0.7718362561906634,0.7536148569540873,1.7676524499088957,-1.0140375929548087,0.0,0.0,0.0,0.0,0.0,0.0,0.0,0.0,0.0,0.0,0.0,0.0,0.0,0.0,1.28,1.28,1.28,1.28
Hitra,1396.1480026688637,23,12,1.3333333333333333,2.3333333333333335,2.9166666666666665,2.117265080288193,1.4954737572694263,3.2283522360978405,2.5114236835116905,0.7169285525861498,0.0,0.0,0.0,0.0,0.0,0.0,0.0,0.0,0.0,0.0,0.0,0.0,0.0,0.0,1.28,1.28,1.28,1.28
Armenia,1392.2460770121031,272,12,0.5,0.9166666666666666,3.0,13.804886517834863,0.6821003618768859,0.9496963447524038,2.34031829551312,-1.390621950760716,0.0,0.0,0.0,0.0,0.0,0.0,0.0,0.0,0.0,0.0,0.0,0.0,0.0,0.0,1.28,1.28,1.28,1.28
Chagos Islands,1390.5074075487817,16,12,0.3333333333333333,1.3333333333333333,5.75,0.0397608860940227,0.11930045001403808,1.2878571929691567,6.2415799904933404,-4.9537227975241835,0.0,0.0,0.0,0.0,0.0,0.0,0.0,0.0,0.0,0.0,0.0,0.0,0.0,0.0,1.28,1.28,1.28,1.28
Saint Helena,1386.260750342405,8,8,0.0,0.75,5.125,0.546912198243471,0.0,0.52997150235717,4.347683487212705,-3.817711984855534,0.0,0.0,0.0,0.0,0.0,0.0,0.0,0.0,0.0,0.0,0.0,0.0,0.0,0.0,1.28,1.28,1.28,1.28
Hong Kong,1382.3748729641413,447,12,1.5833333333333333,1.75,0.9166666666666666,14.580435598901968,1.4719130898032078,1.658633848000181,1.1388949634631793,0.5197388845370017,0.0,0.0,0.0,0.0,0.0,0.0,0.0,0.0,0.0,0.0,0.0,0.0,0.0,0.0,1.28,1.28,1.28,1.28
Guinea-Bissau,1377.393754510475,190,12,0.5,0.6666666666666666,1.6666666666666667,10.909784600898842,0.7322858376685162,0.7063810367599562,1.5498753842006352,-0.8434943474406789,0.0,0.0,0.0,0.0,0.0,0.0,0.0,0.0,0.0,0.0,0.0,0.0,0.0,0.0,1.28,1.28,1.28,1.28
Bermuda,1375.9009046358947,198,12,0.8333333333333334,1.4166666666666667,2.75,11.718529982073306,1.0870527463305146,1.535486786245708,2.492984655081356,-0.9574978688356481,0.0,0.0,0.0,0.0,0.0,0.0,0.0,0.0,0.0,0.0,0.0,0.0,0.0,0.0,1.28,1.28,1.28,1.28
Azerbaijan,1374.6908739461599,310,12,0.75,1.0833333333333333,1.9166666666666667,14.583280454216663,0.8522783139625794,1.0508096213750133,1.9438716101022016,-0.893061988727188,0.0,0.0,0.0,0.0,0.0,0.0,0.0,0.0,0.0,0.0,0.0,0.0,0.0,0.0,1.28,1.28,1.28,1.28
Saare County,1373.41119815021,35,12,1.0,1.75,2.25,0.009936882922464436,1.1500385783819982,2.042278361963397,2.05462297351453,-0.012344611551132565,0.0,0.0,0.0,0.0,0.0,0.0,0.0,0.0,0.0,0.0,0.0,0.0,0.0,0.0,1.28,1.28,1.28,1.28
Central African Republic,1367.8983178393205,138,12,0.6666666666666666,0.5833333333333334,2.1666666666666665,9.908694344776984,0.8826236929491824,1.0014780123576141,2.068695530427143,-1.067217518069529,0.0,0.0,0.0,0.0,0.0,0.0,0.0,0.0,0.0,0.0,0.0,0.0,0.0,0.0,1.28,1.28,1.28,1.28
Saint Pierre and Miquelon,1362.9186966504271,7,7,0.0,0.2857142857142857,11.142857142857142,0.00034450767790439774,0.0,0.42277833842774426,12.00451223485608,-11.581733896428336,0.0,0.0,0.0,0.0,0.0,0.0,0.0,0.0,0.0,0.0,0.0,0.0,0.0,0.0,1.28,1.28,1.28,1.28
Sint Maarten,1361.3239245262794,60,12,1.6666666666666667,1.25,2.0833333333333335,6.548453615870818,1.6388799162569738,1.4412283244128699,1.9593698942253202,-0.5181415698124502,0.0,0.0,0.0,0.0,0.0,0.0,0.0,0.0,0.0,0.0,0.0,0.0,0.0,0.0,1.28,1.28,1.28,1.28
Congo,1358.9003024554188,406,12,0.5,0.75,2.3333333333333335,5.601948859733595,0.5506810919556753,0.756910085097793,2.0257946161127793,-1.268884531014986,0.0,0.0,0.0,0.0,0.0,0.0,0.0,0.0,0.0,0.0,0.0,0.0,0.0,0.0,1.28,1.28,1.28,1.28
Cyprus,1357.6050822231553,426,12,1.0833333333333333,1.5,1.5833333333333333,14.680801394441112,1.0748249805138563,1.269590047573559,1.7796361584761262,-0.5100461109025672,0.0,0.0,0.0,0.0,0.0,0.0,0.0,0.0,0.0,0.0,0.0,0.0,0.0,0.0,1.28,1.28,1.28,1.28
Saint Martin,1353.3517104247665,68,12,1.25,1.4166666666666667,1.9166666666666667,7.17387627406018,1.57983118095436,1.8414460665793253,1.610244445421553,0.23120162115777246,0.0,0.0,0.0,0.0,0.0,0.0,0.0,0.0,0.0,0.0,0.0,0.0,0.0,0.0,1.28,1.28,1.28,1.28
Singapore,1353.2248138705042,696,12,1.5,1.5833333333333333,1.1666666666666667,14.050827088519387,1.3561893061489376,1.5706202958130229,1.619829194955563,-0.04920889914254012,0.0,0.0,0.0,0.0,0.0,0.0,0.0,0.0,0.0,0.0,0.0,0.0,0.0,0.0,1.28,1.28,1.28,1.28
Darfur,1352.9257406733727,7,7,0.0,0.14285714285714285,14.142857142857142,0.0011122274054862651,0.0,0.05293176968809068,14.82301328261465,-14.77008151292656,0.0,0.0,0.0,0.0,0.0,0.0,0.0,0.0,0.0,0.0,0.0,0.0,0.0,0.0,1.28,1.28,1.28,1.28
Wallis Islands and Futuna,1352.6712393097355,24,12,0.5,1.0833333333333333,5.333333333333333,2.22088396598443e-09,0.04928060939241216,0.5430092340120543,8.798630374648505,-8.25562114063645,0.0,0.0,0.0,0.0,0.0,0.0,0.0,0.0,0.0,0.0,0.0,0.0,0.0,0.0,1.28,1.28,1.28,1.28
Yemen,1348.1334074731712,266,12,1.5833333333333333,2.5,1.0833333333333333,7.515285673828045,1.480848094930196,2.4171297658126747,1.2606232423745298,1.1565065234381449,0.0,0.0,0.0,0.0,0.0,0.0,0.0,0.0,0.0,0.0,0.0,0.0,0.0,0.0,1.28,1.28,1.28,1.28
Belize,1337.021419715919,121,12,1.3333333333333333,1.5833333333333333,2.25,9.321577878134438,1.1950449300838206,1.493362857971243,2.0189404395707022,-0.5255775815994594,0.0,0.0,0.0,0.0,0.0,0.0,0.0,0.0,0.0,0.0,0.0,0.0,0.0,0.0,1.28,1.28,1.28,1.28
Kiribati,1332.9269849040802,11,11,0.09090909090909091,0.6363636363636364,11.454545454545455,0.00013911573147591409,5.7457645095757335e-11,0.501880163710499,11.512894587096708,-11.011014423386209,0.0,0.0,0.0,0.0,0.0,0.0,0.0,0.0,0.0,0.0,0.0,0.0,0.0,0.0,1.28,1.28,1.28,1.28
Malta,1331.658691941634,458,12,0.9166666666666666,0.9166666666666666,2.1666666666666665,12.626768489218666,1.0699495214443164,0.9256434280421495,1.8590846194570811,-0.9334411914149315,0.0,0.0,0.0,0.0,0.0,0.0,0.0,0.0,0.0,0.0,0.0,0.0,0.0,0.0,1.28,1.28,1.28,1.28
Eswatini,1328.0244853883282,274,12,0.4166666666666667,0.5833333333333334,2.1666666666666665,8.531973105409385,0.6109458810420526,0.742508004204865,1.8054524926835134,-1.0629444884786485,0.0,0.0,0.0,0.0,0.0,0.0,0.0,0.0,0.0,0.0,0.0,0.0,0.0,0.0,1.28,1.28,1.28,1.28
Saint Kitts and Nevis,1322.5605639428377,226,12,1.0833333333333333,1.8333333333333333,2.8333333333333335,11.61308830325374,1.3726382250816187,1.7075972772853578,2.2550359869175454,-0.5474387096321877,0.0,0.0,0.0,0.0,0.0,0.0,0.0,0.0,0.0,0.0,0.0,0.0,0.0,0.0,1.28,1.28,1.28,1.28
Samoa,1318.2610422959367,71,12,1.25,1.3333333333333333,2.6666666666666665,3.407313912425084,1.1807485016584232,1.5734959384538902,2.7164619813981847,-1.1429660429442945,0.0,0.0,0.0,0.0,0.0,0.0,0.0,0.0,0.0,0.0,0.0,0.0,0.0,0.0,1.28,1.28,1.28,1.28
Grenada,1317.3835063408712,260,12,1.3333333333333333,1.5,2.0833333333333335,11.433859044804802,1.0697539749826042,1.2318246403162565,2.1137360917016634,-0.8819114513854069,0.0,0.0,0.0,0.0,0.0,0.0,0.0,0.0,0.0,0.0,0.0,0.0,0.0,0.0,1.28,1.28,1.28,1.28
Tibet,1315.5681871786687,21,12,0.4166666666666667,2.3333333333333335,5.416666666666667,1.3753494640056432,0.05242571611479157,2.1346234233783874,4.6943635392261704,-2.5597401158477826,0.0,0.0,0.0,0.0,0.0,0.0,0.0,0.0,0.0,0.0,0.0,0.0,0.0,0.0,1.28,1.28,1.28,1.28
Latvia,1313.1504902839297,461,12,0.6666666666666666,0.5,1.4166666666666667,13.037952148983926,0.7043657408886395,0.6458809856468121,1.5246229374633613,-0.8787419518165492,0.0,0.0,0.0,0.0,0.0,0.0,0.0,0.0,0.0,0.0,0.0,0.0,0.0,0.0,1.28,1.28,1.28,1.28
Lithuania,1311.46614425718,433,12,0.5833333333333334,0.5833333333333334,1.75,14.723273530465619,0.6578414661043392,0.6898525044997837,1.5813360683707955,-0.8914835638710117,0.0,0.0,0.0,0.0,0.0,0.0,0.0,0.0,0.0,0.0,0.0,0.0,0.0,0.0,1.28,1.28,1.28,1.28
India,1298.951866335976,534,12,0.5833333333333334,0.6666666666666666,1.25,12.76927636384451,0.6723299679865183,0.680014577988058,1.3137596997069445,-0.6337451217188865,0.0,0.0,0.0,0.0,0.0,0.0,0.0,0.0,0.0,0.0,0.0,0.0,0.0,0.0,1.28,1.28,1.28,1.28
Moldova,1298.112086118036,299,12,0.25,0.75,3.0,14.595109514858382,0.7016404283545575,0.9241766607920562,2.355909869780558,-1.4317332089885013,0.0,0.0,0.0,0.0,0.0,0.0,0.0,0.0,0.0,0.0,0.0,0.0,0.0,0.0,1.28,1.28,1.28,1.28
Tuvalu,1297.907163610578,39,12,0.5833333333333334,1.1666666666666667,5.333333333333333,0.7407350642291074,1.3985019440835529,1.8851869611038503,2.9217733710409264,-1.0365864099370765,0.0,0.0,0.0,0.0,0.0,0.0,0.0,0.0,0.0,0.0,0.0,0.0,0.0,0.0,1.28,1.28,1.28,1.28
South Sudan,1293.8291909051409,78,12,0.5,0.6666666666666666,2.0,8.336917891720962,0.56392775158624,0.5304669905114726,1.8665390453365696,-1.336072054825097,0.0,0.0,0.0,0.0,0.0,0.0,0.0,0.0,0.0,0.0,0.0,0.0,0.0,0.0,1.28,1.28,1.28,1.28
Falkland Islands,1292.273608994216,33,12,0.3333333333333333,0.75,3.0833333333333335,0.5266304053743973,0.2504933118882752,0.752068539210192,3.246893306316394,-2.4948247671062016,0.0,0.0,0.0,0.0,0.0,0.0,0.0,0.0,0.0,0.0,0.0,0.0,0.0,0.0,1.28,1.28,1.28,1.28
Eritrea,1286.004858188708,71,12,0.16666666666666666,0.5,2.0833333333333335,0.020100939732122354,0.00949293926333105,0.4906017163471098,2.0353768955400287,-1.5447751791929192,0.0,0.0,0.0,0.0,0.0,0.0,0.0,0.0,0.0,0.0,0.0,0.0,0.0,0.0,1.28,1.28,1.28,1.28
Chad,1278.8660666153237,138,12,0.3333333333333333,0.75,2.1666666666666665,9.043880831737276,0.44485362933803996,0.6787268271994764,1.8386162648009843,-1.1598894376015079,0.0,0.0,0.0,0.0,0.0,0.0,0.0,0.0,0.0,0.0,0.0,0.0,0.0,0.0,1.28,1.28,1.28,1.28
Aruba,1275.9034739611782,152,12,1.1666666666666667,1.5833333333333333,2.25,9.033285804044318,1.3228537160123248,1.6439514388002692,1.924282478274022,-0.2803310394737527,0.0,0.0,0.0,0.0,0.0,0.0,0.0,0.0,0.0,0.0,0.0,0.0,0.0,0.0,1.28,1.28,1.28,1.28
Montserrat,1275.4568916167595,66,12,1.0,1.0,1.9166666666666667,4.855634946728582,0.9153618888900816,0.8330944076945112,1.966104301285701,-1.1330098935911894,0.0,0.0,0.0,0.0,0.0,0.0,0.0,0.0,0.0,0.0,0.0,0.0,0.0,0.0,1.28,1.28,1.28,1.28
Saint Lucia,1261.8160663896556,230,12,1.0833333333333333,1.0833333333333333,2.8333333333333335,7.375353411411934,1.0283766950210254,1.0938604710259332,2.6136450535147824,-1.519784582488849,0.0,0.0,0.0,0.0,0.0,0.0,0.0,0.0,0.0,0.0,0.0,0.0,0.0,0.0,1.28,1.28,1.28,1.28
Frøya,1258.8569529685797,37,12,0.3333333333333333,1.1666666666666667,4.333333333333333,2.4802807638410767,0.1575482531939155,0.528488945622949,4.999700733205575,-4.471211787582626,0.0,0.0,0.0,0.0,0.0,0.0,0.0,0.0,0.0,0.0,0.0,0.0,0.0,0.0,1.28,1.28,1.28,1.28
Mauritius,1256.35151972855,325,12,0.5,0.6666666666666666,1.5833333333333333,7.291634031655864,0.6495253357239009,0.6508473285407301,1.4640124296105441,-0.8131651010698139,0.0,0.0,0.0,0.0,0.0,0.0,0.0,0.0,0.0,0.0,0.0,0.0,0.0,0.0,1.28,1.28,1.28,1.28
Cook Islands,1247.7812108004618,53,12,0.75,0.5,2.9166666666666665,1.717212304137194,0.6612282590898052,0.5682199256794066,3.1414622469249376,-2.573242321245531,0.0,0.0,0.0,0.0,0.0,0.0,0.0,0.0,0.0,0.0,0.0,0.0,0.0,0.0,1.28,1.28,1.28,1.28
São Tomé and Príncipe,1228.1621219579515,71,12,0.4166666666666667,0.5,2.25,5.333222416627263,0.4679439325070157,0.6005213398736168,2.63080302145058,-2.0302816815769633,0.0,0.0,0.0,0.0,0.0,0.0,0.0,0.0,0.0,0.0,0.0,0.0,0.0,0.0,1.28,1.28,1.28,1.28
Dominica,1227.0925353519929,215,12,0.5833333333333334,0.8333333333333334,2.25,8.484092369636155,0.7866339209216018,0.9056830353523003,1.9321931988923624,-1.026510163540062,0.0,0.0,0.0,0.0,0.0,0.0,0.0,0.0,0.0,0.0,0.0,0.0,0.0,0.0,1.28,1.28,1.28,1.28
Afghanistan,1221.7047698980796,147,12,0.5,0.3333333333333333,1.3333333333333333,8.768814217025438,0.783406260386918,0.48098940131805695,1.4629822078418089,-0.981992806523752,0.0,0.0,0.0,0.0,0.0,0.0,0.0,0.0,0.0,0.0,0.0,0.0,0.0,0.0,1.28,1.28,1.28,1.28
Bonaire,1215.8101934173183,44,12,0.5833333333333334,0.8333333333333334,2.0833333333333335,7.605278392361125,0.7377743075155506,1.0267540976983216,2.1002386661098567,-1.073484568411535,0.0,0.0,0.0,0.0,0.0,0.0,0.0,0.0,0.0,0.0,0.0,0.0,0.0,0.0,1.28,1.28,1.28,1.28
Myanmar,1212.0170864515114,512,12,1.1666666666666667,1.5,2.3333333333333335,10.974273004175256,1.0215813823377953,1.4098879635908803,2.5022300748869144,-1.0923421112960343,0.0,0.0,0.0,0.0,0.0,0.0,0.0,0.0,0.0,0.0,0.0,0.0,0.0,0.0,1.28,1.28,1.28,1.28
Bangladesh,1209.9110296632389,305,12,1.3333333333333333,1.1666666666666667,1.25,11.509026371192348,1.2216518058389598,0.9934926885695541,1.4760221639462472,-0.48252947537669294,0.0,0.0,0.0,0.0,0.0,0.0,0.0,0.0,0.0,0.0,0.0,0.0,0.0,0.0,1.28,1.28,1.28,1.28
Barbados,1203.182612510495,302,12,1.0,1.9166666666666667,2.0833333333333335,9.278301454137713,0.8417344055540309,1.554423158488613,2.3725249719143817,-0.8181018134257686,0.0,0.0,0.0,0.0,0.0,0.0,0.0,0.0,0.0,0.0,0.0,0.0,0.0,0.0,1.28,1.28,1.28,1.28
Tonga,1199.9631748234908,68,12,0.5,1.25,4.25,1.706753426506143,0.8039611722973685,1.4989052200213595,2.743867591267506,-1.2449623712461464,0.0,0.0,0.0,0.0,0.0,0.0,0.0,0.0,0.0,0.0,0.0,0.0,0.0,0.0,1.28,1.28,1.28,1.28
Antigua and Barbuda,1193.0683915375223,231,12,0.25,0.3333333333333333,2.0,6.371745154053537,0.44946069198749306,0.574320337703219,2.23669936411214,-1.662379026408921,0.0,0.0,0.0,0.0,0.0,0.0,0.0,0.0,0.0,0.0,0.0,0.0,0.0,0.0,1.28,1.28,1.28,1.28
Pakistan,1189.6340922287548,251,12,0.9166666666666666,0.6666666666666666,2.0833333333333335,8.234729425509032,1.287198329663431,0.956505621665791,1.5460467120772279,-0.5895410904114369,0.0,0.0,0.0,0.0,0.0,0.0,0.0,0.0,0.0,0.0,0.0,0.0,0.0,0.0,1.28,1.28,1.28,1.28
Gibraltar,1185.9918479172054,159,12,0.5,0.9166666666666666,2.6666666666666665,12.9190226613354,0.7714241272444559,0.9165859942026803,2.336252480273075,-1.4196664860703947,0.0,0.0,0.0,0.0,0.0,0.0,0.0,0.0,0.0,0.0,0.0,0.0,0.0,0.0,1.28,1.28,1.28,1.28
Nepal,1181.8897737356283,268,12,0.8333333333333334,0.75,1.4166666666666667,9.397436726563617,0.7929307319772633,0.6431278637071514,1.6060956681933194,-0.9629678044861681,0.0,0.0,0.0,0.0,0.0,0.0,0.0,0.0,0.0,0.0,0.0,0.0,0.0,0.0,1.28,1.28,1.28,1.28
Cambodia,1173.8136130449798,295,12,1.1666666666666667,1.6666666666666667,1.6666666666666667,9.398975682478826,1.286808035467266,1.6040499165131945,1.4483649054005385,0.15568501111265592,0.0,0.0,0.0,0.0,0.0,0.0,0.0,0.0,0.0,0.0,0.0,0.0,0.0,0.0,1.28,1.28,1.28,1.28
Taiwan,1162.3324744899771,245,12,0.5,1.25,2.9166666666666665,7.204496127002233,0.5574027636734723,1.1543344811828529,2.844031574117039,-1.6896970929341861,0.0,0.0,0.0,0.0,0.0,0.0,0.0,0.0,0.0,0.0,0.0,0.0,0.0,0.0,1.28,1.28,1.28,1.28
Cayman Islands,1150.3200873191977,119,12,0.9166666666666666,0.9166666666666666,2.0833333333333335,8.376421098712195,1.0834789248379018,1.0335448905306117,1.9626702519844146,-0.9291253614538026,0.0,0.0,0.0,0.0,0.0,0.0,0.0,0.0,0.0,0.0,0.0,0.0,0.0,0.0,1.28,1.28,1.28,1.28
Northern Mariana Islands,1148.1659142373562,30,12,0.6666666666666666,0.9166666666666666,4.333333333333333,1.117839493052741,1.2283767829894545,1.5304244511828675,3.4806518598013136,-1.950227408618446,0.0,0.0,0.0,0.0,0.0,0.0,0.0,0.0,0.0,0.0,0.0,0.0,0.0,0.0,1.28,1.28,1.28,1.28
Andorra,1148.014419637738,229,12,0.5,0.4166666666666667,1.75,15.637577614549855,0.5046952904083202,0.3760675354458369,1.6255722140990516,-1.2495046786532147,0.0,0.0,0.0,0.0,0.0,0.0,0.0,0.0,0.0,0.0,0.0,0.0,0.0,0.0,1.28,1.28,1.28,1.28
British Virgin Islands,1145.2509808768336,123,12,1.1666666666666667,1.5,1.5833333333333333,10.18559574614722,1.1799744507623968,1.4156941462855348,1.6455098028665363,-0.22981565658100167,0.0,0.0,0.0,0.0,0.0,0.0,0.0,0.0,0.0,0.0,0.0,0.0,0.0,0.0,1.28,1.28,1.28,1.28
Turks and Caicos Islands,1136.3487402262308,52,12,0.8333333333333334,0.8333333333333334,2.0,4.055450605022884,1.1803840986161536,1.1305713505954642,2.124048869741563,-0.9934775191460985,0.0,0.0,0.0,0.0,0.0,0.0,0.0,0.0,0.0,0.0,0.0,0.0,0.0,0.0,1.28,1.28,1.28,1.28
Somalia,1133.3654916113962,124,12,0.5,0.5,1.8333333333333333,6.297140199637794,0.5259141501836261,0.39657162413007563,1.7379766971128097,-1.3414050729827338,0.0,0.0,0.0,0.0,0.0,0.0,0.0,0.0,0.0,0.0,0.0,0.0,0.0,0.0,1.28,1.28,1.28,1.28
Alderney,1131.8198009244334,135,12,0.5,0.8333333333333334,3.0833333333333335,0.15563669615422543,0.18834550902333203,0.6552268958248175,3.7251495094260605,-3.0699226136012436,0.0,0.0,0.0,0.0,0.0,0.0,0.0,0.0,0.0,0.0,0.0,0.0,0.0,0.0,1.28,1.28,1.28,1.28
Djibouti,1119.2119086274422,111,12,0.25,0.5,2.5,6.008414924195567,0.2541559339050827,0.5313832495897313,2.7898611328590803,-2.2584778832693493,0.0,0.0,0.0,0.0,0.0,0.0,0.0,0.0,0.0,0.0,0.0,0.0,0.0,0.0,1.28,1.28,1.28,1.28
Sri Lanka,1114.7013890259047,251,12,1.4166666666666667,0.8333333333333334,1.25,8.62231632793037,1.1317398084920192,0.7722687709901676,1.3921858537621108,-0.6199170827719432,0.0,0.0,0.0,0.0,0.0,0.0,0.0,0.0,0.0,0.0,0.0,0.0,0.0,0.0,1.28,1.28,1.28,1.28
United States Virgin Islands,1112.1490588996119,78,12,0.8333333333333334,1.4166666666666667,2.1666666666666665,5.677203275184685,1.0355336016598162,1.6758056884804706,2.0146376227994813,-0.3388319343190109,0.0,0.0,0.0,0.0,0.0,0.0,0.0,0.0,0.0,0.0,0.0,0.0,0.0,0.0,1.28,1.28,1.28,1.28
Mongolia,1101.608500233994,103,12,0.5,0.4166666666666667,2.1666666666666665,5.019257845121115,0.4088706788304002,0.3583545675002946,2.5334928016677063,-2.175138234167412,0.0,0.0,0.0,0.0,0.0,0.0,0.0,0.0,0.0,0.0,0.0,0.0,0.0,0.0,1.28,1.28,1.28,1.28
Guam,1097.9087318762938,123,12,0.5833333333333334,1.25,2.5833333333333335,5.324120388652506,0.7232845229021773,1.623127767421125,3.414191050970243,-1.7910632835491176,0.0,0.0,0.0,0.0,0.0,0.0,0.0,0.0,0.0,0.0,0.0,0.0,0.0,0.0,1.28,1.28,1.28,1.28
Maldives,1097.6955817273226,233,12,0.3333333333333333,0.5833333333333334,2.0833333333333335,9.287078568634556,0.580607894647153,0.6364904608694401,1.868529647322637,-1.232039186453197,0.0,0.0,0.0,0.0,0.0,0.0,0.0,0.0,0.0,0.0,0.0,0.0,0.0,0.0,1.28,1.28,1.28,1.28
Seychelles,1076.0516199770068,176,12,0.0,0.16666666666666666,4.583333333333333,5.736428911612522,0.13740746265369497,0.22789110920205263,4.296573638389345,-4.068682529187293,0.0,0.0,0.0,0.0,0.0,0.0,0.0,0.0,0.0,0.0,0.0,0.0,0.0,0.0,1.28,1.28,1.28,1.28
Laos,1058.276423008264,224,12,0.5,1.0833333333333333,2.75,6.788818770292573,0.5069097973387923,0.911300782149639,2.6877160849824318,-1.7764153028327925,0.0,0.0,0.0,0.0,0.0,0.0,0.0,0.0,0.0,0.0,0.0,0.0,0.0,0.0,1.28,1.28,1.28,1.28
Bahamas,1048.9301435964298,67,12,0.3333333333333333,1.0833333333333333,3.9166666666666665,7.204110834842439,0.27467983172038274,0.8871479098859585,3.631764016566745,-2.744616106680786,0.0,0.0,0.0,0.0,0.0,0.0,0.0,0.0,0.0,0.0,0.0,0.0,0.0,0.0,1.28,1.28,1.28,1.28
American Samoa,1043.7029634833618,55,12,0.08333333333333333,0.5,6.666666666666667,2.6916556166438266,0.004298669103003781,0.7592351312479683,5.704974782613783,-4.945739651365814,0.0,0.0,0.0,0.0,0.0,0.0,0.0,0.0,0.0,0.0,0.0,0.0,0.0,0.0,1.28,1.28,1.28,1.28
Liechtenstein,1031.4465278304142,259,12,0.25,0.25,3.3333333333333335,14.547773100325642,0.3263329025915737,0.28860912335170935,2.7106345516190413,-2.4220254282673324,0.0,0.0,0.0,0.0,0.0,0.0,0.0,0.0,0.0,0.0,0.0,0.0,0.0,0.0,1.28,1.28,1.28,1.28
Brunei,1023.8980966941368,137,12,1.0833333333333333,0.6666666666666666,2.0,6.994118973915526,0.8748098502009801,0.6384134711524752,2.8425416220686257,-2.2041281509161506,0.0,0.0,0.0,0.0,0.0,0.0,0.0,0.0,0.0,0.0,0.0,0.0,0.0,0.0,1.28,1.28,1.28,1.28
Timor-Leste,1023.1469712979335,86,12,0.5833333333333334,0.5833333333333334,2.9166666666666665,6.677916551808169,0.5732689809843892,0.6955800665066667,2.944111488031903,-2.248531421525236,0.0,0.0,0.0,0.0,0.0,0.0,0.0,0.0,0.0,0.0,0.0,0.0,0.0,0.0,1.28,1.28,1.28,1.28
Anguilla,1015.9144074051458,91,12,0.75,0.8333333333333334,2.4166666666666665,8.132065231886488,0.7282568230784633,0.7489538041955509,2.890723990279008,-2.1417701860834577,0.0,0.0,0.0,0.0,0.0,0.0,0.0,0.0,0.0,0.0,0.0,0.0,0.0,0.0,1.28,1.28,1.28,1.28
Macau,976.9528172366362,148,12,0.08333333333333333,0.25,2.5833333333333335,3.9302245878991107,0.05597329952097016,0.3590319257797803,3.3403588187017803,-2.9813268929220005,0.0,0.0,0.0,0.0,0.0,0.0,0.0,0.0,0.0,0.0,0.0,0.0,0.0,0.0,1.28,1.28,1.28,1.28
Bhutan,966.6012432644656,110,12,0.5833333333333334,0.4166666666666667,2.5,6.366462381050544,0.3649063744366327,0.375097893973394,2.89958270060345,-2.524484806630056,0.0,0.0,0.0,0.0,0.0,0.0,0.0,0.0,0.0,0.0,0.0,0.0,0.0,0.0,1.28,1.28,1.28,1.28
San Marino,963.7040461728503,225,12,0.08333333333333333,0.4166666666666667,3.5,14.631309922514538,0.23547290994864403,0.49317652725574623,2.915429431952843,-2.4222529046970966,0.0,0.0,0.0,0.0,0.0,0.0,0.0,0.0,0.0,0.0,0.0,0.0,0.0,0.0,1.28,1.28,1.28,1.28
